order_id,order_date,customer_id,region,channel,category,unit_price,quantity,discount,revenue,returned,delivery_days
ORD-00001,2025-07-06,CUST-0175,West,Web,Outdoors,71.19,1,0.00,71.19,0,3
ORD-00002,2025-11-03,CUST-0829,Midwest,Mobile,Home,36.97,3,0.05,105.36,0,2
ORD-00003,2025-07-06,CUST-0334,South,Mobile,Beauty,20.23,4,0.05,76.86,0,5
ORD-00004,2025-02-09,CUST-0752,West,Mobile,Electronics,130.03,1,0.00,130.03,0,3
ORD-00005,2025-06-20,CUST-0136,West,Mobile,Electronics,133.50,4,0.15,453.90,0,6
ORD-00006,2025-12-01,CUST-0678,Midwest,Mobile,Beauty,18.33,3,0.15,46.73,0,2
ORD-00007,2025-05-20,CUST-0658,Northeast,Web,Home,50.97,1,0.15,43.33,0,6
ORD-00008,2025-05-26,CUST-0591,Midwest,Mobile,Home,71.55,1,0.15,60.82,1,6
ORD-00009,2025-11-10,CUST-0151,Northeast,Mobile,Beauty,30.45,2,0.20,48.73,0,5
ORD-00010,2025-01-10,CUST-0497,Midwest,Web,Electronics,69.57,2,0.00,139.14,0,6
ORD-00011,2025-10-01,CUST-0802,Northeast,Web,Apparel,40.05,2,0.05,76.09,0,8
ORD-00012,2025-07-10,CUST-0802,West,Mobile,Outdoors,115.66,2,0.20,185.05,1,5
ORD-00013,2025-11-18,CUST-0455,West,Mobile,Outdoors,66.74,1,0.20,53.39,0,3
ORD-00014,2025-05-11,CUST-0100,Northeast,Web,Electronics,131.45,5,0.10,591.55,0,7
ORD-00015,2025-07-28,CUST-0548,South,Web,Apparel,56.28,1,0.30,39.40,1,5
ORD-00016,2025-04-16,CUST-0537,West,Web,Electronics,137.58,2,0.00,275.16,0,2
ORD-00017,2025-06-05,CUST-0616,Northeast,Store,Electronics,175.55,2,0.00,351.09,0,6
ORD-00018,2025-08-05,CUST-0887,South,Mobile,Home,55.11,3,0.20,132.27,0,1
ORD-00019,2025-08-31,CUST-0516,Northeast,Web,Home,48.26,1,0.00,48.26,0,6
ORD-00020,2025-05-31,CUST-0036,Midwest,Mobile,Apparel,41.91,4,0.20,134.13,0,4
ORD-00021,2025-06-19,CUST-0416,South,Web,Electronics,141.62,1,0.15,120.37,0,7
ORD-00022,2025-05-23,CUST-0409,Midwest,Web,Home,64.84,1,0.10,58.36,0,8
ORD-00023,2025-05-19,CUST-0089,South,Mobile,Electronics,137.70,1,0.00,137.70,0,6
ORD-00024,2025-11-01,CUST-0704,Midwest,Mobile,Beauty,30.02,1,0.20,24.01,0,5
ORD-00025,2025-02-24,CUST-0502,Midwest,Store,Home,69.60,1,0.20,55.68,0,2
ORD-00026,2025-03-28,CUST-0056,Northeast,Web,Beauty,26.50,1,0.15,22.53,0,3
ORD-00027,2025-09-15,CUST-0549,Midwest,Mobile,Home,57.75,1,0.10,51.97,0,5
ORD-00028,2025-01-15,CUST-0269,Midwest,Web,Home,34.80,3,0.15,88.73,0,2
ORD-00029,2025-06-05,CUST-0162,West,Mobile,Home,50.59,2,0.10,91.06,0,9
ORD-00030,2025-08-07,CUST-0301,West,Store,Outdoors,62.72,1,0.10,56.45,0,2
ORD-00031,2025-05-19,CUST-0078,South,Mobile,Beauty,33.45,2,0.10,60.21,0,4
ORD-00032,2025-08-30,CUST-0861,Midwest,Web,Home,59.45,1,0.10,53.51,0,4
ORD-00033,2025-05-17,CUST-0290,South,Web,Home,69.56,1,0.20,55.65,0,4
ORD-00034,2025-12-13,CUST-0092,Northeast,Store,Home,70.79,1,0.20,56.64,0,1
ORD-00035,2025-11-13,CUST-0894,Midwest,Store,Outdoors,86.62,1,0.05,82.29,0,1
ORD-00036,2025-10-01,CUST-0860,West,Web,Beauty,20.14,2,0.00,40.27,0,6
ORD-00037,2025-04-28,CUST-0113,West,Web,Apparel,41.58,2,0.20,66.52,0,8
ORD-00038,2025-11-23,CUST-0546,Midwest,Web,Electronics,103.79,4,0.15,352.90,0,5
ORD-00039,2025-02-19,CUST-0569,West,Web,Apparel,53.71,1,0.15,45.65,0,3
ORD-00040,2025-12-27,CUST-0490,West,Mobile,Beauty,21.82,2,0.20,34.92,0,4
ORD-00041,2025-04-17,CUST-0076,Northeast,Mobile,Electronics,199.11,2,0.10,358.40,0,3
ORD-00042,2025-06-17,CUST-0781,South,Mobile,Outdoors,108.96,4,0.30,305.10,0,4
ORD-00043,2025-01-15,CUST-0873,Midwest,Mobile,Outdoors,71.22,1,0.10,64.10,0,3
ORD-00044,2025-06-28,CUST-0675,South,Store,Electronics,155.38,2,0.10,279.68,0,2
ORD-00045,2025-08-14,CUST-0750,South,Mobile,Apparel,56.40,3,0.05,160.74,1,3
ORD-00046,2025-05-05,CUST-0634,Midwest,Store,Beauty,21.73,1,0.10,19.56,0,2
ORD-00047,2025-11-29,CUST-0032,West,Mobile,Apparel,46.55,1,0.15,39.57,0,5
ORD-00048,2025-10-15,CUST-0289,Midwest,Mobile,Beauty,35.09,2,0.10,63.16,1,4
ORD-00049,2025-02-09,CUST-0244,South,Web,Apparel,51.53,2,0.10,92.76,0,7
ORD-00050,2025-09-18,CUST-0251,Midwest,Mobile,Beauty,24.76,1,0.15,21.04,0,5
ORD-00051,2025-10-23,CUST-0720,Midwest,Mobile,Apparel,51.02,1,0.00,51.02,0,5
ORD-00052,2025-03-15,CUST-0265,South,Store,Outdoors,90.74,1,0.00,90.74,0,2
ORD-00053,2025-08-14,CUST-0576,West,Mobile,Apparel,14.32,1,0.20,11.45,1,1
ORD-00054,2025-02-05,CUST-0074,West,Web,Electronics,90.22,1,0.20,72.18,0,7
ORD-00055,2025-04-23,CUST-0887,Northeast,Mobile,Beauty,46.18,1,0.10,41.56,0,4
ORD-00056,2025-12-23,CUST-0154,South,Store,Outdoors,24.69,2,0.15,41.97,0,1
ORD-00057,2025-11-26,CUST-0700,Midwest,Web,Beauty,35.37,1,0.00,35.37,0,4
ORD-00058,2025-07-24,CUST-0539,South,Mobile,Electronics,147.09,3,0.10,397.15,0,4
ORD-00059,2025-07-02,CUST-0142,West,Web,Outdoors,89.69,2,0.30,125.56,0,6
ORD-00060,2025-12-08,CUST-0281,Northeast,Web,Outdoors,80.70,1,0.00,80.70,0,1
ORD-00061,2025-11-01,CUST-0517,West,Store,Home,55.89,1,0.00,55.89,0,1
ORD-00062,2025-06-04,CUST-0630,Midwest,Web,Apparel,54.44,2,0.20,87.10,0,4
ORD-00063,2025-01-14,CUST-0207,West,Web,Electronics,71.95,5,0.05,341.76,0,5
ORD-00064,2025-11-30,CUST-0525,Midwest,Store,Outdoors,83.61,2,0.00,167.23,0,2
ORD-00065,2025-02-06,CUST-0378,South,Mobile,Home,53.17,2,0.05,101.03,0,3
ORD-00066,2025-11-25,CUST-0328,West,Web,Apparel,24.58,1,0.10,22.12,0,2
ORD-00067,2025-02-26,CUST-0002,Midwest,Web,Apparel,54.04,4,0.05,205.34,0,8
ORD-00068,2025-11-10,CUST-0195,Midwest,Mobile,Outdoors,82.77,3,0.10,223.48,0,7
ORD-00069,2025-06-11,CUST-0126,South,Store,Home,79.10,2,0.15,134.47,0,1
ORD-00070,2025-02-06,CUST-0308,South,Web,Home,71.39,1,0.10,64.25,0,4
ORD-00071,2025-06-24,CUST-0215,South,Store,Beauty,26.01,1,0.20,20.81,0,2
ORD-00072,2025-04-24,CUST-0189,Northeast,Web,Outdoors,74.85,4,0.10,269.46,0,5
ORD-00073,2025-12-13,CUST-0143,South,Web,Electronics,165.66,1,0.05,157.38,0,6
ORD-00074,2025-09-30,CUST-0174,South,Mobile,Apparel,49.30,3,0.00,147.91,0,6
ORD-00075,2025-12-21,CUST-0773,Northeast,Store,Home,56.25,1,0.05,53.44,0,1
ORD-00076,2025-03-02,CUST-0270,West,Mobile,Electronics,133.06,2,0.05,252.82,0,4
ORD-00077,2025-08-15,CUST-0284,West,Store,Electronics,77.12,2,0.05,146.52,0,2
ORD-00078,2025-08-29,CUST-0829,West,Web,Home,55.21,5,0.05,262.24,0,3
ORD-00079,2025-07-19,CUST-0163,Midwest,Web,Electronics,170.75,1,0.00,170.75,0,4
ORD-00080,2025-09-12,CUST-0159,Northeast,Mobile,Electronics,143.28,3,0.10,386.85,0,5
ORD-00081,2025-06-16,CUST-0382,Midwest,Web,Apparel,37.26,2,0.00,74.52,0,8
ORD-00082,2025-10-16,CUST-0538,South,Web,Electronics,145.85,3,0.00,437.56,0,4
ORD-00083,2025-01-10,CUST-0579,Midwest,Store,Beauty,37.16,2,0.30,52.02,0,2
ORD-00084,2025-07-08,CUST-0613,South,Mobile,Beauty,30.75,2,0.05,58.42,0,1
ORD-00085,2025-03-28,CUST-0334,South,Web,Home,67.56,1,0.00,67.56,1,9
ORD-00086,2025-05-01,CUST-0886,Northeast,Mobile,Outdoors,80.00,2,0.10,144.00,0,8
ORD-00087,2025-04-14,CUST-0804,West,Web,Electronics,164.12,1,0.30,114.88,0,6
ORD-00088,2025-10-20,CUST-0375,Midwest,Web,Electronics,175.77,1,0.10,158.19,0,4
ORD-00089,2025-09-01,CUST-0433,Midwest,Web,Apparel,58.55,1,0.10,52.69,0,5
ORD-00090,2025-05-03,CUST-0685,South,Mobile,Outdoors,26.77,2,0.00,53.55,0,3
ORD-00091,2025-07-22,CUST-0543,South,Web,Beauty,35.35,3,0.00,106.06,0,3
ORD-00092,2025-04-18,CUST-0691,Midwest,Store,Electronics,159.62,1,0.15,135.68,0,3
ORD-00093,2025-06-01,CUST-0450,Northeast,Web,Outdoors,99.10,1,0.10,89.19,1,5
ORD-00094,2025-01-09,CUST-0719,West,Store,Apparel,50.69,2,0.05,96.30,0,4
ORD-00095,2025-01-29,CUST-0855,Midwest,Mobile,Home,42.98,1,0.00,42.98,0,1
ORD-00096,2025-05-01,CUST-0228,South,Web,Home,44.51,1,0.10,40.06,0,6
ORD-00097,2025-10-26,CUST-0858,West,Web,Home,36.18,1,0.00,36.18,0,4
ORD-00098,2025-06-25,CUST-0678,Northeast,Mobile,Apparel,20.60,2,0.10,37.09,0,2
ORD-00099,2025-07-09,CUST-0004,Northeast,Store,Apparel,35.54,2,0.30,49.75,1,3
ORD-00100,2025-10-09,CUST-0842,West,Mobile,Electronics,91.75,2,0.00,183.50,0,1
ORD-00101,2025-05-15,CUST-0496,Midwest,Web,Outdoors,74.22,2,0.00,148.44,0,7
ORD-00102,2025-08-19,CUST-0628,South,Web,Electronics,111.98,2,0.00,223.96,1,5
ORD-00103,2025-03-19,CUST-0611,West,Web,Home,81.26,1,0.10,73.13,1,4
ORD-00104,2025-01-27,CUST-0708,South,Store,Electronics,115.52,3,0.00,346.57,0,4
ORD-00105,2025-08-01,CUST-0576,Northeast,Mobile,Apparel,30.25,1,0.15,25.71,0,6
ORD-00106,2025-11-18,CUST-0280,Northeast,Mobile,Home,66.68,1,0.20,53.34,0,1
ORD-00107,2025-01-10,CUST-0448,Midwest,Web,Apparel,66.70,2,0.00,133.39,0,6
ORD-00108,2025-08-05,CUST-0699,South,Mobile,Electronics,159.94,3,0.00,479.82,0,6
ORD-00109,2025-06-09,CUST-0362,South,Store,Home,57.31,1,0.20,45.85,0,2
ORD-00110,2025-04-19,CUST-0398,South,Mobile,Electronics,163.43,4,0.15,555.68,0,8
ORD-00111,2025-09-15,CUST-0270,Midwest,Web,Home,57.00,4,0.00,228.02,0,1
ORD-00112,2025-05-09,CUST-0512,South,Store,Apparel,84.72,4,0.10,304.98,0,5
ORD-00113,2025-09-09,CUST-0406,South,Web,Apparel,56.11,5,0.05,266.52,0,3
ORD-00114,2025-03-09,CUST-0524,West,Store,Home,42.71,1,0.00,42.71,0,3
ORD-00115,2025-06-14,CUST-0003,Midwest,Mobile,Apparel,39.83,1,0.05,37.84,0,6
ORD-00116,2025-09-16,CUST-0692,West,Web,Apparel,55.82,1,0.05,53.03,0,4
ORD-00117,2025-09-13,CUST-0023,South,Web,Apparel,19.86,1,0.10,17.87,0,5
ORD-00118,2025-05-23,CUST-0780,Midwest,Web,Outdoors,72.90,2,0.05,138.51,0,6
ORD-00119,2025-03-26,CUST-0632,Northeast,Store,Outdoors,103.94,1,0.20,83.15,0,3
ORD-00120,2025-05-12,CUST-0595,South,Store,Outdoors,71.45,1,0.15,60.73,0,1
ORD-00121,2025-10-14,CUST-0565,South,Web,Electronics,180.90,2,0.00,361.80,0,7
ORD-00122,2025-01-11,CUST-0561,West,Web,Outdoors,74.96,1,0.15,63.72,0,1
ORD-00123,2025-05-02,CUST-0269,Midwest,Mobile,Home,53.83,1,0.15,45.75,0,4
ORD-00124,2025-01-24,CUST-0253,Northeast,Web,Home,68.31,1,0.10,61.48,0,4
ORD-00125,2025-05-04,CUST-0510,Midwest,Web,Home,33.97,1,0.15,28.87,0,5
ORD-00126,2025-10-20,CUST-0630,Northeast,Web,Home,74.59,2,0.10,134.27,0,8
ORD-00127,2025-06-15,CUST-0660,South,Web,Home,44.69,2,0.05,84.91,0,1
ORD-00128,2025-07-14,CUST-0762,South,Web,Apparel,60.36,1,0.10,54.33,0,4
ORD-00129,2025-11-27,CUST-0206,Northeast,Web,Electronics,105.33,2,0.00,210.66,0,3
ORD-00130,2025-09-02,CUST-0536,West,Store,Apparel,36.11,5,0.00,180.53,0,4
ORD-00131,2025-02-10,CUST-0623,Midwest,Mobile,Electronics,101.89,4,0.05,387.20,1,6
ORD-00132,2025-01-18,CUST-0393,South,Web,Outdoors,76.23,4,0.05,289.66,0,5
ORD-00133,2025-08-18,CUST-0106,West,Mobile,Home,57.78,4,0.15,196.44,0,5
ORD-00134,2025-03-09,CUST-0848,South,Web,Apparel,45.18,2,0.20,72.28,0,4
ORD-00135,2025-03-31,CUST-0288,Northeast,Web,Beauty,29.24,1,0.10,26.32,0,5
ORD-00136,2025-08-28,CUST-0345,Northeast,Web,Outdoors,48.78,1,0.30,34.15,1,6
ORD-00137,2025-10-13,CUST-0040,West,Web,Home,71.19,1,0.10,64.07,0,3
ORD-00138,2025-06-01,CUST-0096,Midwest,Web,Beauty,30.24,1,0.15,25.70,0,5
ORD-00139,2025-12-05,CUST-0774,Midwest,Mobile,Beauty,34.04,3,0.10,91.91,0,4
ORD-00140,2025-07-23,CUST-0717,West,Mobile,Apparel,75.45,2,0.20,120.72,0,5
ORD-00141,2025-09-08,CUST-0531,Midwest,Mobile,Electronics,107.07,1,0.15,91.01,0,6
ORD-00142,2025-06-08,CUST-0547,West,Mobile,Apparel,38.33,1,0.05,36.41,1,5
ORD-00143,2025-05-30,CUST-0792,South,Mobile,Beauty,51.48,1,0.05,48.91,0,2
ORD-00144,2025-07-09,CUST-0893,Northeast,Store,Outdoors,51.71,2,0.20,82.74,0,1
ORD-00145,2025-04-20,CUST-0574,South,Mobile,Home,67.07,1,0.05,63.72,0,5
ORD-00146,2025-05-02,CUST-0174,Northeast,Mobile,Apparel,72.73,1,0.20,58.18,1,5
ORD-00147,2025-12-09,CUST-0481,Midwest,Mobile,Electronics,117.01,5,0.10,526.52,0,5
ORD-00148,2025-09-12,CUST-0341,Northeast,Web,Outdoors,92.86,2,0.05,176.44,0,4
ORD-00149,2025-11-21,CUST-0563,Midwest,Store,Apparel,43.28,1,0.20,34.62,0,1
ORD-00150,2025-07-06,CUST-0494,West,Mobile,Apparel,53.57,2,0.20,85.72,0,4
ORD-00151,2025-12-27,CUST-0079,Midwest,Mobile,Electronics,118.66,1,0.10,106.79,0,3
ORD-00152,2025-12-01,CUST-0432,Northeast,Web,Beauty,29.65,2,0.00,59.29,0,6
ORD-00153,2025-11-01,CUST-0848,South,Web,Home,62.32,2,0.30,87.25,0,1
ORD-00154,2025-11-15,CUST-0573,Midwest,Mobile,Outdoors,76.43,1,0.15,64.97,0,2
ORD-00155,2025-06-24,CUST-0879,Northeast,Web,Beauty,33.53,1,0.05,31.85,0,3
ORD-00156,2025-09-26,CUST-0431,West,Mobile,Home,27.84,2,0.05,52.90,0,6
ORD-00157,2025-05-19,CUST-0730,Midwest,Web,Home,67.65,2,0.20,108.24,0,3
ORD-00158,2025-08-30,CUST-0110,South,Web,Apparel,58.37,1,0.00,58.37,0,9
ORD-00159,2025-10-02,CUST-0117,South,Web,Home,54.41,2,0.10,97.94,1,7
ORD-00160,2025-06-05,CUST-0394,Midwest,Web,Electronics,171.32,1,0.10,154.19,0,4
ORD-00161,2025-08-20,CUST-0369,West,Web,Beauty,35.01,1,0.10,31.51,0,4
ORD-00162,2025-10-26,CUST-0751,West,Web,Electronics,114.05,1,0.00,114.05,0,4
ORD-00163,2025-09-12,CUST-0384,South,Mobile,Outdoors,105.63,2,0.00,211.26,0,3
ORD-00164,2025-10-05,CUST-0167,West,Mobile,Beauty,38.99,2,0.10,70.18,0,5
ORD-00165,2025-06-29,CUST-0421,West,Web,Beauty,36.19,3,0.20,86.86,0,6
ORD-00166,2025-03-07,CUST-0700,Northeast,Web,Beauty,30.64,2,0.30,42.90,0,5
ORD-00167,2025-03-10,CUST-0561,Midwest,Mobile,Outdoors,109.86,3,0.00,329.57,0,4
ORD-00168,2025-07-20,CUST-0153,West,Store,Beauty,29.12,1,0.00,29.12,0,2
ORD-00169,2025-06-16,CUST-0444,Northeast,Store,Electronics,85.48,3,0.00,256.43,0,3
ORD-00170,2025-01-24,CUST-0177,Northeast,Mobile,Apparel,21.40,3,0.10,57.79,0,4
ORD-00171,2025-04-24,CUST-0269,South,Mobile,Outdoors,85.70,1,0.00,85.70,1,5
ORD-00172,2025-12-30,CUST-0629,Midwest,Web,Electronics,151.50,2,0.10,272.69,0,3
ORD-00173,2025-10-28,CUST-0336,South,Web,Home,76.32,1,0.00,76.32,0,5
ORD-00174,2025-01-05,CUST-0417,Midwest,Mobile,Electronics,164.77,2,0.05,313.06,0,3
ORD-00175,2025-01-17,CUST-0184,Northeast,Web,Home,43.39,1,0.10,39.05,0,3
ORD-00176,2025-10-04,CUST-0392,West,Web,Home,63.93,1,0.00,63.93,0,1
ORD-00177,2025-02-26,CUST-0710,Northeast,Store,Beauty,27.16,3,0.20,65.19,1,4
ORD-00178,2025-01-18,CUST-0477,South,Mobile,Electronics,144.84,3,0.15,369.35,0,7
ORD-00179,2025-07-23,CUST-0421,South,Mobile,Apparel,74.21,3,0.05,211.50,0,2
ORD-00180,2025-02-22,CUST-0564,Northeast,Mobile,Outdoors,72.59,1,0.10,65.33,0,9
ORD-00181,2025-03-07,CUST-0754,Midwest,Mobile,Beauty,26.91,2,0.10,48.43,0,2
ORD-00182,2025-05-02,CUST-0336,Midwest,Mobile,Apparel,45.17,1,0.00,45.17,1,4
ORD-00183,2025-02-25,CUST-0177,Midwest,Store,Home,68.76,2,0.15,116.89,0,2
ORD-00184,2025-12-15,CUST-0730,South,Mobile,Electronics,184.57,1,0.05,175.34,1,1
ORD-00185,2025-09-22,CUST-0383,Northeast,Web,Beauty,35.29,1,0.10,31.76,0,5
ORD-00186,2025-07-14,CUST-0311,Midwest,Web,Beauty,35.85,1,0.20,28.68,0,5
ORD-00187,2025-12-26,CUST-0798,West,Web,Outdoors,68.06,2,0.10,122.51,1,5
ORD-00188,2025-09-22,CUST-0880,West,Store,Apparel,49.51,2,0.10,89.12,1,2
ORD-00189,2025-05-05,CUST-0137,Midwest,Mobile,Home,90.10,1,0.10,81.09,0,7
ORD-00190,2025-04-09,CUST-0830,South,Web,Home,92.08,1,0.30,64.45,0,7
ORD-00191,2025-12-06,CUST-0295,South,Mobile,Apparel,57.15,1,0.10,51.43,0,2
ORD-00192,2025-09-29,CUST-0606,West,Web,Apparel,58.00,3,0.30,121.80,1,7
ORD-00193,2025-09-03,CUST-0490,Midwest,Web,Outdoors,81.95,1,0.10,73.75,0,4
ORD-00194,2025-02-09,CUST-0457,Midwest,Web,Outdoors,90.16,1,0.10,81.15,1,5
ORD-00195,2025-10-12,CUST-0133,West,Web,Apparel,44.60,1,0.00,44.60,0,5
ORD-00196,2025-05-29,CUST-0898,West,Mobile,Apparel,53.46,1,0.05,50.79,0,3
ORD-00197,2025-12-07,CUST-0603,West,Store,Home,94.63,2,0.05,179.80,0,1
ORD-00198,2025-05-14,CUST-0449,West,Web,Home,38.26,1,0.10,34.43,0,3
ORD-00199,2025-03-14,CUST-0161,South,Mobile,Outdoors,55.70,1,0.10,50.13,0,6
ORD-00200,2025-02-17,CUST-0666,South,Mobile,Outdoors,74.08,2,0.20,118.53,0,4
ORD-00201,2025-06-25,CUST-0005,Northeast,Store,Apparel,28.73,5,0.10,129.30,0,1
ORD-00202,2025-11-04,CUST-0504,Northeast,Mobile,Outdoors,76.92,3,0.05,219.22,0,3
ORD-00203,2025-06-22,CUST-0453,Northeast,Web,Electronics,154.72,2,0.10,278.50,0,5
ORD-00204,2025-11-26,CUST-0792,South,Mobile,Outdoors,97.04,2,0.20,155.26,0,4
ORD-00205,2025-07-27,CUST-0311,South,Web,Outdoors,79.60,2,0.10,143.29,0,2
ORD-00206,2025-02-02,CUST-0295,West,Web,Electronics,123.98,1,0.00,123.98,0,3
ORD-00207,2025-07-10,CUST-0896,Northeast,Mobile,Beauty,34.99,2,0.10,62.97,0,1
ORD-00208,2025-11-03,CUST-0027,South,Web,Beauty,40.92,1,0.30,28.65,0,6
ORD-00209,2025-06-27,CUST-0101,South,Web,Outdoors,41.75,2,0.00,83.49,0,5
ORD-00210,2025-03-23,CUST-0138,West,Mobile,Beauty,29.27,2,0.15,49.76,1,6
ORD-00211,2025-04-18,CUST-0662,West,Web,Electronics,132.61,1,0.10,119.35,0,5
ORD-00212,2025-08-20,CUST-0355,Midwest,Web,Beauty,26.84,2,0.05,51.00,0,1
ORD-00213,2025-04-11,CUST-0348,Northeast,Web,Beauty,27.90,1,0.20,22.32,1,6
ORD-00214,2025-03-26,CUST-0840,West,Mobile,Apparel,35.02,2,0.05,66.54,0,4
ORD-00215,2025-10-01,CUST-0826,Northeast,Web,Beauty,37.42,1,0.05,35.55,0,1
ORD-00216,2025-10-28,CUST-0709,South,Web,Outdoors,92.01,2,0.05,174.81,0,5
ORD-00217,2025-06-04,CUST-0832,Midwest,Mobile,Electronics,130.06,4,0.05,494.21,0,3
ORD-00218,2025-09-06,CUST-0605,Midwest,Mobile,Apparel,38.57,2,0.20,61.71,0,4
ORD-00219,2025-08-29,CUST-0369,South,Mobile,Apparel,41.38,5,0.10,186.20,0,7
ORD-00220,2025-12-09,CUST-0242,West,Web,Apparel,33.32,1,0.00,33.32,0,7
ORD-00221,2025-10-30,CUST-0587,Midwest,Mobile,Home,34.51,1,0.10,31.06,1,6
ORD-00222,2025-03-26,CUST-0258,Midwest,Web,Home,75.04,1,0.00,75.04,0,5
ORD-00223,2025-07-12,CUST-0316,South,Store,Beauty,42.70,3,0.10,115.30,1,4
ORD-00224,2025-11-19,CUST-0642,South,Web,Electronics,184.67,1,0.00,184.67,0,7
ORD-00225,2025-04-11,CUST-0581,Midwest,Web,Outdoors,52.48,1,0.15,44.61,0,6
ORD-00226,2025-11-15,CUST-0415,Northeast,Mobile,Electronics,214.77,3,0.15,547.67,0,8
ORD-00227,2025-12-07,CUST-0850,Northeast,Web,Beauty,10.16,1,0.10,9.14,0,7
ORD-00228,2025-09-25,CUST-0023,West,Web,Outdoors,20.37,1,0.05,19.35,0,5
ORD-00229,2025-05-14,CUST-0887,Midwest,Mobile,Beauty,28.48,1,0.10,25.63,1,7
ORD-00230,2025-06-01,CUST-0866,South,Mobile,Home,39.15,2,0.20,62.65,0,2
ORD-00231,2025-09-01,CUST-0693,Northeast,Web,Home,74.53,1,0.00,74.53,0,4
ORD-00232,2025-11-08,CUST-0350,Midwest,Store,Apparel,40.21,1,0.15,34.18,0,2
ORD-00233,2025-05-29,CUST-0196,Midwest,Web,Electronics,162.99,1,0.00,162.99,0,8
ORD-00234,2025-04-28,CUST-0612,South,Mobile,Home,89.89,1,0.00,89.89,0,3
ORD-00235,2025-11-26,CUST-0888,Midwest,Store,Electronics,154.12,1,0.15,131.00,0,2
ORD-00236,2025-01-06,CUST-0672,Midwest,Store,Apparel,29.88,3,0.30,62.74,0,1
ORD-00237,2025-12-23,CUST-0692,South,Store,Electronics,151.51,2,0.10,272.71,0,3
ORD-00238,2025-10-09,CUST-0597,South,Web,Home,51.44,2,0.05,97.74,0,7
ORD-00239,2025-02-08,CUST-0039,Northeast,Web,Beauty,36.89,4,0.15,125.43,0,1
ORD-00240,2025-12-24,CUST-0038,Midwest,Web,Home,48.11,1,0.00,48.11,0,3
ORD-00241,2025-10-16,CUST-0081,Midwest,Web,Apparel,53.40,4,0.20,170.89,0,7
ORD-00242,2025-11-27,CUST-0094,South,Web,Outdoors,72.70,5,0.20,290.82,1,5
ORD-00243,2025-06-01,CUST-0281,West,Mobile,Outdoors,99.82,4,0.05,379.33,0,5
ORD-00244,2025-11-06,CUST-0794,West,Web,Home,74.15,1,0.15,63.03,0,3
ORD-00245,2025-06-04,CUST-0072,Northeast,Web,Beauty,19.38,1,0.10,17.44,0,5
ORD-00246,2025-10-26,CUST-0711,West,Web,Home,69.20,2,0.00,138.40,0,6
ORD-00247,2025-08-11,CUST-0125,West,Web,Home,47.13,1,0.00,47.13,0,6
ORD-00248,2025-02-05,CUST-0677,South,Store,Outdoors,52.36,3,0.15,133.51,1,1
ORD-00249,2025-07-16,CUST-0254,Northeast,Web,Electronics,160.66,2,0.00,321.32,0,4
ORD-00250,2025-05-15,CUST-0703,Northeast,Mobile,Beauty,24.18,2,0.00,48.36,0,3
ORD-00251,2025-06-21,CUST-0675,West,Store,Electronics,152.03,2,0.20,243.24,0,4
ORD-00252,2025-09-16,CUST-0774,West,Mobile,Home,27.09,1,0.15,23.03,0,4
ORD-00253,2025-03-14,CUST-0017,South,Web,Apparel,18.44,1,0.00,18.44,0,4
ORD-00254,2025-03-17,CUST-0014,South,Mobile,Apparel,39.07,1,0.00,39.07,1,3
ORD-00255,2025-03-27,CUST-0896,Midwest,Web,Outdoors,71.09,2,0.20,113.74,0,3
ORD-00256,2025-03-06,CUST-0180,West,Web,Home,36.79,1,0.05,34.95,0,8
ORD-00257,2025-05-22,CUST-0189,South,Web,Apparel,49.99,4,0.20,159.97,0,3
ORD-00258,2025-10-12,CUST-0014,South,Web,Apparel,21.01,2,0.00,42.01,0,5
ORD-00259,2025-04-26,CUST-0541,Northeast,Mobile,Home,32.34,1,0.05,30.72,0,5
ORD-00260,2025-08-22,CUST-0246,South,Mobile,Outdoors,96.26,3,0.00,288.78,0,3
ORD-00261,2025-05-25,CUST-0079,Northeast,Mobile,Home,25.92,2,0.10,46.66,0,6
ORD-00262,2025-09-13,CUST-0705,Midwest,Store,Apparel,61.57,5,0.05,292.44,0,3
ORD-00263,2025-01-17,CUST-0204,Northeast,Mobile,Apparel,49.98,4,0.10,179.92,0,3
ORD-00264,2025-12-10,CUST-0082,West,Web,Electronics,108.39,4,0.20,346.85,0,3
ORD-00265,2025-01-30,CUST-0228,West,Web,Beauty,21.69,3,0.00,65.08,0,7
ORD-00266,2025-01-24,CUST-0026,West,Web,Apparel,25.90,2,0.00,51.81,0,4
ORD-00267,2025-04-28,CUST-0545,West,Mobile,Beauty,28.20,2,0.05,53.57,0,3
ORD-00268,2025-04-14,CUST-0002,South,Web,Apparel,59.13,1,0.00,59.13,0,5
ORD-00269,2025-01-25,CUST-0837,Northeast,Mobile,Electronics,180.87,1,0.20,144.70,0,5
ORD-00270,2025-11-10,CUST-0807,Northeast,Mobile,Beauty,25.38,1,0.00,25.38,0,5
ORD-00271,2025-08-15,CUST-0399,Northeast,Mobile,Beauty,39.08,2,0.05,74.26,1,3
ORD-00272,2025-02-10,CUST-0069,Midwest,Store,Beauty,33.37,1,0.15,28.36,0,1
ORD-00273,2025-09-28,CUST-0679,Northeast,Mobile,Apparel,59.02,1,0.20,47.21,0,3
ORD-00274,2025-07-05,CUST-0146,South,Web,Home,47.32,3,0.10,127.76,0,3
ORD-00275,2025-09-20,CUST-0608,West,Store,Beauty,24.25,1,0.00,24.25,0,2
ORD-00276,2025-08-31,CUST-0863,Midwest,Store,Apparel,57.37,2,0.10,103.26,0,4
ORD-00277,2025-05-20,CUST-0441,West,Web,Electronics,126.28,2,0.15,214.68,0,4
ORD-00278,2025-08-13,CUST-0176,Midwest,Mobile,Apparel,34.28,3,0.20,82.28,0,3
ORD-00279,2025-06-25,CUST-0582,South,Web,Home,25.30,1,0.30,17.71,1,5
ORD-00280,2025-12-13,CUST-0492,Midwest,Web,Outdoors,56.68,1,0.05,53.85,0,7
ORD-00281,2025-07-20,CUST-0621,South,Web,Electronics,202.46,4,0.00,809.84,0,4
ORD-00282,2025-09-25,CUST-0802,South,Mobile,Apparel,54.45,2,0.20,87.11,0,3
ORD-00283,2025-10-22,CUST-0742,Midwest,Mobile,Electronics,131.47,1,0.15,111.75,0,6
ORD-00284,2025-11-20,CUST-0893,West,Mobile,Beauty,43.51,3,0.30,91.37,0,6
ORD-00285,2025-02-01,CUST-0280,Northeast,Web,Beauty,31.51,1,0.00,31.51,0,1
ORD-00286,2025-05-27,CUST-0224,Midwest,Web,Beauty,48.50,1,0.10,43.65,0,5
ORD-00287,2025-07-22,CUST-0074,West,Web,Electronics,149.35,2,0.15,253.90,0,5
ORD-00288,2025-09-06,CUST-0255,West,Mobile,Beauty,32.19,1,0.10,28.97,0,3
ORD-00289,2025-06-05,CUST-0715,West,Web,Outdoors,82.09,1,0.10,73.88,0,6
ORD-00290,2025-11-15,CUST-0468,West,Mobile,Beauty,37.54,1,0.20,30.03,0,4
ORD-00291,2025-03-11,CUST-0418,South,Web,Electronics,215.00,2,0.20,344.01,0,4
ORD-00292,2025-05-08,CUST-0155,Northeast,Store,Apparel,35.27,3,0.00,105.82,0,1
ORD-00293,2025-01-29,CUST-0385,Midwest,Store,Beauty,23.79,5,0.10,107.04,0,3
ORD-00294,2025-03-24,CUST-0739,South,Web,Outdoors,73.24,1,0.00,73.24,0,8
ORD-00295,2025-02-15,CUST-0394,Midwest,Mobile,Electronics,162.17,1,0.10,145.95,0,2
ORD-00296,2025-12-21,CUST-0691,Northeast,Web,Home,39.67,2,0.30,55.53,0,5
ORD-00297,2025-05-15,CUST-0732,Northeast,Mobile,Electronics,105.57,2,0.10,190.03,0,4
ORD-00298,2025-10-30,CUST-0143,West,Web,Electronics,168.90,1,0.15,143.57,0,7
ORD-00299,2025-12-25,CUST-0753,Midwest,Web,Outdoors,82.56,2,0.00,165.12,0,5
ORD-00300,2025-06-12,CUST-0534,West,Store,Home,87.96,2,0.00,175.91,0,3
ORD-00301,2025-02-04,CUST-0794,Northeast,Web,Home,50.28,1,0.05,47.76,0,5
ORD-00302,2025-08-12,CUST-0494,Midwest,Mobile,Apparel,46.70,1,0.20,37.36,0,4
ORD-00303,2025-02-07,CUST-0845,Northeast,Mobile,Electronics,104.51,1,0.20,83.61,0,6
ORD-00304,2025-10-26,CUST-0434,West,Mobile,Apparel,40.45,4,0.10,145.61,0,3
ORD-00305,2025-08-24,CUST-0305,Midwest,Mobile,Beauty,14.43,3,0.20,34.63,0,6
ORD-00306,2025-09-06,CUST-0576,Northeast,Store,Electronics,165.62,2,0.00,331.24,0,1
ORD-00307,2025-04-21,CUST-0224,Northeast,Web,Apparel,35.60,4,0.05,135.29,0,5
ORD-00308,2025-01-09,CUST-0313,Midwest,Mobile,Home,37.83,1,0.00,37.83,0,5
ORD-00309,2025-05-25,CUST-0854,South,Store,Apparel,30.83,4,0.20,98.65,0,1
ORD-00310,2025-10-25,CUST-0076,West,Store,Beauty,40.76,2,0.15,69.29,0,1
ORD-00311,2025-04-03,CUST-0337,Northeast,Store,Apparel,39.05,1,0.00,39.05,0,1
ORD-00312,2025-07-29,CUST-0163,West,Web,Apparel,50.54,1,0.15,42.96,0,5
ORD-00313,2025-01-05,CUST-0594,West,Web,Electronics,132.48,2,0.10,238.46,0,8
ORD-00314,2025-12-05,CUST-0506,Northeast,Store,Beauty,24.96,1,0.05,23.71,0,1
ORD-00315,2025-03-16,CUST-0888,Northeast,Web,Beauty,28.87,1,0.00,28.87,0,5
ORD-00316,2025-04-01,CUST-0723,West,Mobile,Beauty,26.40,1,0.10,23.76,0,4
ORD-00317,2025-03-05,CUST-0726,South,Web,Electronics,142.27,1,0.00,142.27,0,4
ORD-00318,2025-10-20,CUST-0550,South,Mobile,Electronics,113.31,3,0.00,339.92,0,1
ORD-00319,2025-07-28,CUST-0361,South,Mobile,Electronics,208.97,2,0.30,292.55,0,3
ORD-00320,2025-05-10,CUST-0664,West,Store,Beauty,49.55,1,0.20,39.64,1,1
ORD-00321,2025-03-02,CUST-0387,West,Mobile,Outdoors,61.08,2,0.00,122.15,0,5
ORD-00322,2025-08-04,CUST-0846,South,Web,Beauty,37.65,5,0.00,188.26,0,4
ORD-00323,2025-03-08,CUST-0816,South,Store,Electronics,128.86,1,0.10,115.97,0,2
ORD-00324,2025-07-12,CUST-0833,Northeast,Web,Home,65.56,2,0.20,104.90,0,5
ORD-00325,2025-06-03,CUST-0128,Northeast,Web,Outdoors,72.91,1,0.15,61.97,0,4
ORD-00326,2025-05-21,CUST-0081,West,Web,Home,59.32,2,0.00,118.63,1,5
ORD-00327,2025-01-02,CUST-0015,South,Web,Beauty,34.33,1,0.15,29.18,0,6
ORD-00328,2025-04-14,CUST-0212,Midwest,Web,Beauty,31.22,1,0.15,26.53,0,1
ORD-00329,2025-01-07,CUST-0744,Midwest,Web,Outdoors,135.72,1,0.00,135.72,0,7
ORD-00330,2025-10-22,CUST-0892,Northeast,Store,Outdoors,79.12,1,0.00,79.12,0,3
ORD-00331,2025-03-07,CUST-0727,Midwest,Store,Apparel,45.79,4,0.10,164.86,1,1
ORD-00332,2025-07-30,CUST-0623,West,Web,Home,40.83,2,0.10,73.50,0,3
ORD-00333,2025-10-09,CUST-0651,Northeast,Store,Beauty,28.23,1,0.15,23.99,0,1
ORD-00334,2025-03-30,CUST-0598,West,Web,Home,71.84,1,0.15,61.07,0,2
ORD-00335,2025-11-24,CUST-0260,West,Mobile,Beauty,38.21,1,0.00,38.21,0,3
ORD-00336,2025-02-19,CUST-0600,South,Mobile,Home,61.62,3,0.10,166.38,0,5
ORD-00337,2025-07-01,CUST-0822,Midwest,Web,Electronics,174.51,5,0.05,828.93,0,4
ORD-00338,2025-11-10,CUST-0848,South,Web,Beauty,29.75,1,0.05,28.26,0,1
ORD-00339,2025-06-02,CUST-0244,Midwest,Web,Electronics,155.45,2,0.10,279.81,0,5
ORD-00340,2025-11-12,CUST-0414,Midwest,Mobile,Outdoors,85.74,1,0.00,85.74,0,8
ORD-00341,2025-10-21,CUST-0807,Midwest,Mobile,Outdoors,103.39,5,0.10,465.27,0,3
ORD-00342,2025-01-14,CUST-0736,West,Mobile,Home,55.74,4,0.10,200.67,0,3
ORD-00343,2025-12-16,CUST-0048,South,Web,Home,57.82,1,0.15,49.15,0,2
ORD-00344,2025-01-25,CUST-0820,West,Mobile,Beauty,42.64,2,0.20,68.22,0,4
ORD-00345,2025-12-13,CUST-0100,West,Store,Apparel,19.95,4,0.15,67.85,0,1
ORD-00346,2025-03-19,CUST-0211,Midwest,Mobile,Electronics,162.89,1,0.05,154.75,1,5
ORD-00347,2025-06-27,CUST-0813,Midwest,Mobile,Beauty,21.58,2,0.30,30.21,1,5
ORD-00348,2025-05-17,CUST-0213,Northeast,Mobile,Apparel,28.80,2,0.05,54.73,0,4
ORD-00349,2025-12-21,CUST-0857,Northeast,Store,Home,65.28,1,0.10,58.75,0,1
ORD-00350,2025-06-22,CUST-0379,Midwest,Web,Beauty,40.43,1,0.10,36.39,0,3
ORD-00351,2025-07-01,CUST-0009,Midwest,Store,Outdoors,68.23,2,0.20,109.17,1,1
ORD-00352,2025-04-23,CUST-0040,West,Web,Beauty,40.68,1,0.00,40.68,0,4
ORD-00353,2025-07-07,CUST-0653,Northeast,Mobile,Home,70.61,3,0.05,201.25,0,5
ORD-00354,2025-04-06,CUST-0435,Northeast,Mobile,Home,70.67,1,0.00,70.67,0,4
ORD-00355,2025-07-21,CUST-0072,Midwest,Web,Electronics,152.74,1,0.15,129.83,0,7
ORD-00356,2025-12-29,CUST-0489,South,Store,Electronics,97.97,2,0.00,195.93,0,1
ORD-00357,2025-04-21,CUST-0029,Northeast,Web,Electronics,110.21,3,0.05,314.11,0,4
ORD-00358,2025-09-22,CUST-0664,Northeast,Web,Home,67.13,1,0.10,60.42,0,5
ORD-00359,2025-08-15,CUST-0221,South,Web,Home,42.93,1,0.10,38.64,0,4
ORD-00360,2025-04-17,CUST-0338,Midwest,Mobile,Apparel,57.16,1,0.20,45.73,1,7
ORD-00361,2025-09-01,CUST-0425,Midwest,Mobile,Apparel,68.30,1,0.05,64.88,1,3
ORD-00362,2025-01-21,CUST-0689,West,Mobile,Beauty,40.39,1,0.10,36.35,0,4
ORD-00363,2025-07-25,CUST-0807,Midwest,Web,Home,79.06,1,0.30,55.34,0,3
ORD-00364,2025-05-25,CUST-0468,Northeast,Web,Electronics,116.77,2,0.15,198.50,0,1
ORD-00365,2025-02-02,CUST-0314,West,Mobile,Home,47.37,1,0.05,45.01,0,4
ORD-00366,2025-05-17,CUST-0509,Northeast,Web,Outdoors,66.90,2,0.00,133.80,0,1
ORD-00367,2025-11-11,CUST-0649,Northeast,Store,Apparel,60.68,4,0.00,242.74,0,1
ORD-00368,2025-02-22,CUST-0014,Northeast,Web,Beauty,47.55,1,0.00,47.55,1,6
ORD-00369,2025-07-18,CUST-0387,West,Mobile,Outdoors,69.66,1,0.10,62.70,1,4
ORD-00370,2025-06-06,CUST-0642,Midwest,Store,Beauty,18.36,4,0.30,51.42,0,3
ORD-00371,2025-11-24,CUST-0472,Midwest,Mobile,Beauty,31.21,2,0.00,62.42,0,5
ORD-00372,2025-08-08,CUST-0208,Midwest,Mobile,Outdoors,101.00,2,0.20,161.60,0,3
ORD-00373,2025-10-28,CUST-0175,West,Web,Electronics,151.37,1,0.10,136.23,0,5
ORD-00374,2025-04-24,CUST-0092,Midwest,Mobile,Apparel,56.94,5,0.00,284.69,0,4
ORD-00375,2025-07-26,CUST-0200,West,Web,Home,67.72,1,0.15,57.56,0,7
ORD-00376,2025-06-23,CUST-0802,South,Web,Beauty,20.67,1,0.20,16.53,0,4
ORD-00377,2025-03-06,CUST-0293,Midwest,Mobile,Apparel,52.93,2,0.10,95.28,1,4
ORD-00378,2025-12-28,CUST-0096,South,Mobile,Apparel,48.22,1,0.20,38.57,0,6
ORD-00379,2025-02-05,CUST-0029,West,Store,Outdoors,108.74,1,0.05,103.30,0,2
ORD-00380,2025-02-19,CUST-0449,South,Store,Beauty,30.57,3,0.10,82.53,0,1
ORD-00381,2025-04-07,CUST-0408,Midwest,Store,Electronics,174.02,4,0.05,661.27,0,1
ORD-00382,2025-06-14,CUST-0190,West,Web,Apparel,57.44,5,0.05,272.84,0,6
ORD-00383,2025-06-11,CUST-0588,Midwest,Web,Beauty,23.20,4,0.10,83.54,1,6
ORD-00384,2025-06-27,CUST-0233,Northeast,Web,Electronics,151.00,1,0.05,143.45,0,3
ORD-00385,2025-11-30,CUST-0418,West,Web,Outdoors,124.07,1,0.20,99.25,0,4
ORD-00386,2025-12-03,CUST-0266,West,Mobile,Apparel,31.96,4,0.15,108.65,0,5
ORD-00387,2025-11-03,CUST-0613,West,Web,Home,48.73,1,0.30,34.11,0,3
ORD-00388,2025-02-05,CUST-0870,South,Web,Outdoors,89.31,2,0.15,151.83,0,2
ORD-00389,2025-12-30,CUST-0637,West,Web,Beauty,14.69,2,0.20,23.50,0,4
ORD-00390,2025-11-29,CUST-0714,Midwest,Web,Electronics,205.86,1,0.10,185.27,0,5
ORD-00391,2025-05-05,CUST-0632,Midwest,Web,Electronics,152.02,1,0.00,152.02,0,8
ORD-00392,2025-11-10,CUST-0880,West,Mobile,Beauty,24.01,2,0.00,48.01,0,5
ORD-00393,2025-07-26,CUST-0245,South,Web,Apparel,23.00,3,0.10,62.11,0,7
ORD-00394,2025-04-03,CUST-0098,Midwest,Mobile,Outdoors,72.17,1,0.15,61.35,0,7
ORD-00395,2025-11-08,CUST-0397,South,Mobile,Beauty,26.05,1,0.20,20.84,0,6
ORD-00396,2025-01-07,CUST-0017,West,Store,Electronics,154.78,1,0.00,154.78,0,1
ORD-00397,2025-03-03,CUST-0873,South,Web,Apparel,57.42,5,0.15,244.02,0,2
ORD-00398,2025-01-17,CUST-0740,Northeast,Web,Beauty,36.56,2,0.05,69.46,0,5
ORD-00399,2025-02-19,CUST-0063,West,Web,Apparel,28.93,2,0.00,57.86,0,4
ORD-00400,2025-03-28,CUST-0769,South,Store,Home,50.80,1,0.00,50.80,0,1
ORD-00401,2025-03-09,CUST-0817,West,Mobile,Apparel,46.29,1,0.00,46.29,0,4
ORD-00402,2025-09-19,CUST-0654,Northeast,Web,Electronics,126.86,1,0.05,120.51,0,6
ORD-00403,2025-07-21,CUST-0366,West,Web,Outdoors,39.26,1,0.05,37.30,0,8
ORD-00404,2025-12-22,CUST-0037,Midwest,Store,Electronics,174.40,1,0.15,148.24,0,5
ORD-00405,2025-09-21,CUST-0522,Midwest,Mobile,Apparel,55.57,1,0.00,55.57,1,6
ORD-00406,2025-01-23,CUST-0379,Midwest,Web,Home,65.23,3,0.15,166.35,0,5
ORD-00407,2025-06-01,CUST-0343,West,Store,Electronics,83.93,1,0.00,83.93,0,1
ORD-00408,2025-02-28,CUST-0112,South,Store,Beauty,33.06,1,0.05,31.40,0,2
ORD-00409,2025-07-22,CUST-0336,Midwest,Web,Beauty,30.43,3,0.15,77.60,0,2
ORD-00410,2025-11-08,CUST-0120,Midwest,Web,Outdoors,87.86,1,0.20,70.29,0,6
ORD-00411,2025-04-17,CUST-0569,West,Web,Home,30.12,1,0.15,25.60,0,7
ORD-00412,2025-08-20,CUST-0072,Midwest,Mobile,Home,42.45,1,0.20,33.96,0,3
ORD-00413,2025-10-09,CUST-0209,West,Mobile,Outdoors,114.54,1,0.05,108.82,0,3
ORD-00414,2025-10-15,CUST-0126,Midwest,Web,Apparel,49.42,2,0.30,69.19,0,3
ORD-00415,2025-10-29,CUST-0809,Northeast,Store,Home,51.72,2,0.20,82.75,0,1
ORD-00416,2025-10-06,CUST-0632,West,Mobile,Electronics,132.24,1,0.00,132.24,1,4
ORD-00417,2025-03-23,CUST-0706,Midwest,Mobile,Outdoors,110.46,1,0.00,110.46,0,4
ORD-00418,2025-02-03,CUST-0013,West,Web,Outdoors,82.38,1,0.30,57.67,0,5
ORD-00419,2025-03-24,CUST-0781,West,Web,Home,57.34,1,0.15,48.74,0,2
ORD-00420,2025-05-28,CUST-0411,Northeast,Mobile,Home,42.77,3,0.10,115.49,0,5
ORD-00421,2025-11-18,CUST-0622,Northeast,Store,Beauty,38.65,5,0.20,154.61,0,1
ORD-00422,2025-02-10,CUST-0369,Midwest,Web,Home,80.59,5,0.10,362.67,0,4
ORD-00423,2025-04-16,CUST-0427,Northeast,Web,Home,43.93,1,0.15,37.34,0,2
ORD-00424,2025-10-08,CUST-0315,Midwest,Mobile,Home,40.76,4,0.15,138.59,0,6
ORD-00425,2025-08-11,CUST-0074,West,Web,Beauty,29.39,2,0.10,52.90,1,4
ORD-00426,2025-06-04,CUST-0614,Midwest,Store,Outdoors,80.18,1,0.10,72.16,0,1
ORD-00427,2025-03-21,CUST-0401,South,Web,Apparel,25.26,2,0.00,50.51,0,3
ORD-00428,2025-12-09,CUST-0169,Northeast,Store,Outdoors,92.46,2,0.15,157.18,0,1
ORD-00429,2025-09-18,CUST-0074,Northeast,Mobile,Apparel,65.71,2,0.00,131.43,0,3
ORD-00430,2025-03-04,CUST-0332,Midwest,Mobile,Outdoors,120.53,1,0.10,108.48,0,5
ORD-00431,2025-12-03,CUST-0562,West,Web,Electronics,187.26,3,0.00,561.79,0,3
ORD-00432,2025-09-07,CUST-0463,South,Mobile,Apparel,32.85,1,0.30,23.00,0,1
ORD-00433,2025-06-21,CUST-0881,West,Store,Apparel,33.65,2,0.00,67.30,1,4
ORD-00434,2025-12-27,CUST-0825,South,Mobile,Beauty,20.10,2,0.00,40.20,0,5
ORD-00435,2025-12-19,CUST-0769,South,Mobile,Home,62.56,1,0.15,53.17,0,5
ORD-00436,2025-07-29,CUST-0349,South,Mobile,Beauty,20.54,2,0.00,41.09,0,5
ORD-00437,2025-03-23,CUST-0848,Midwest,Store,Electronics,236.93,2,0.20,379.09,0,2
ORD-00438,2025-12-31,CUST-0046,West,Mobile,Electronics,197.30,2,0.00,394.60,0,2
ORD-00439,2025-06-20,CUST-0559,Northeast,Mobile,Electronics,198.37,2,0.05,376.91,0,4
ORD-00440,2025-12-26,CUST-0552,South,Web,Electronics,150.43,1,0.15,127.87,0,3
ORD-00441,2025-08-29,CUST-0208,Midwest,Store,Home,60.02,1,0.00,60.02,0,4
ORD-00442,2025-11-15,CUST-0733,West,Mobile,Beauty,28.43,1,0.00,28.43,0,5
ORD-00443,2025-02-26,CUST-0676,South,Mobile,Electronics,92.00,2,0.15,156.40,1,3
ORD-00444,2025-08-19,CUST-0652,Northeast,Mobile,Apparel,32.64,1,0.10,29.38,0,5
ORD-00445,2025-06-28,CUST-0336,Midwest,Web,Outdoors,62.06,2,0.10,111.71,0,3
ORD-00446,2025-03-16,CUST-0520,Northeast,Mobile,Electronics,170.40,3,0.10,460.09,0,2
ORD-00447,2025-05-01,CUST-0895,Northeast,Web,Outdoors,43.76,4,0.15,148.77,0,4
ORD-00448,2025-12-01,CUST-0143,South,Mobile,Outdoors,82.20,2,0.10,147.96,0,4
ORD-00449,2025-12-10,CUST-0731,South,Web,Home,65.51,2,0.00,131.03,0,6
ORD-00450,2025-01-25,CUST-0293,Northeast,Web,Apparel,49.63,1,0.05,47.15,1,5
ORD-00451,2025-01-06,CUST-0099,Northeast,Store,Beauty,39.71,1,0.00,39.71,0,3
ORD-00452,2025-05-27,CUST-0634,West,Web,Beauty,24.09,3,0.10,65.05,0,2
ORD-00453,2025-01-03,CUST-0739,Northeast,Web,Apparel,40.11,2,0.10,72.20,0,6
ORD-00454,2025-11-16,CUST-0316,Northeast,Web,Home,91.01,2,0.05,172.92,0,5
ORD-00455,2025-12-20,CUST-0279,West,Mobile,Electronics,165.82,1,0.15,140.95,1,4
ORD-00456,2025-02-01,CUST-0658,Midwest,Store,Apparel,56.11,1,0.10,50.50,0,3
ORD-00457,2025-12-17,CUST-0792,Midwest,Web,Beauty,33.45,2,0.15,56.87,0,4
ORD-00458,2025-06-16,CUST-0379,South,Web,Electronics,217.54,1,0.05,206.66,0,3
ORD-00459,2025-05-21,CUST-0558,West,Web,Apparel,39.09,1,0.20,31.27,0,1
ORD-00460,2025-01-01,CUST-0699,South,Web,Electronics,124.52,2,0.00,249.05,0,4
ORD-00461,2025-07-29,CUST-0855,South,Store,Apparel,46.68,1,0.10,42.02,0,1
ORD-00462,2025-01-29,CUST-0880,Northeast,Web,Electronics,113.11,1,0.05,107.45,0,5
ORD-00463,2025-04-04,CUST-0125,South,Store,Outdoors,92.27,1,0.10,83.05,0,2
ORD-00464,2025-09-11,CUST-0626,West,Mobile,Beauty,14.13,2,0.05,26.84,0,6
ORD-00465,2025-03-30,CUST-0275,South,Store,Apparel,62.51,2,0.20,100.01,1,3
ORD-00466,2025-12-28,CUST-0683,Northeast,Mobile,Electronics,160.00,1,0.05,152.00,0,4
ORD-00467,2025-08-11,CUST-0117,Midwest,Web,Beauty,49.07,3,0.15,125.13,1,4
ORD-00468,2025-03-19,CUST-0118,West,Mobile,Apparel,53.40,2,0.00,106.79,0,5
ORD-00469,2025-12-19,CUST-0352,South,Mobile,Beauty,42.26,3,0.20,101.43,1,5
ORD-00470,2025-12-11,CUST-0715,Northeast,Web,Apparel,27.61,2,0.10,49.70,0,2
ORD-00471,2025-11-15,CUST-0591,West,Web,Apparel,26.38,1,0.15,22.42,0,5
ORD-00472,2025-06-08,CUST-0503,Midwest,Store,Apparel,32.48,2,0.10,58.47,0,1
ORD-00473,2025-11-21,CUST-0118,South,Web,Beauty,24.98,3,0.00,74.93,0,4
ORD-00474,2025-02-27,CUST-0020,South,Mobile,Beauty,20.13,1,0.15,17.11,0,4
ORD-00475,2025-05-14,CUST-0668,South,Web,Outdoors,30.69,1,0.05,29.16,0,5
ORD-00476,2025-12-13,CUST-0114,Northeast,Web,Electronics,134.39,2,0.00,268.79,0,2
ORD-00477,2025-02-26,CUST-0547,Midwest,Store,Outdoors,75.14,3,0.00,225.43,0,1
ORD-00478,2025-01-17,CUST-0218,Midwest,Web,Home,59.45,5,0.00,297.23,0,4
ORD-00479,2025-10-24,CUST-0501,South,Mobile,Apparel,40.41,5,0.15,171.73,1,3
ORD-00480,2025-04-10,CUST-0346,West,Web,Apparel,61.84,2,0.00,123.67,0,2
ORD-00481,2025-02-04,CUST-0525,Northeast,Mobile,Outdoors,92.55,3,0.05,263.78,0,5
ORD-00482,2025-02-07,CUST-0852,West,Web,Beauty,46.42,1,0.00,46.42,0,2
ORD-00483,2025-01-27,CUST-0125,South,Mobile,Apparel,51.20,1,0.10,46.08,0,6
ORD-00484,2025-02-13,CUST-0580,Midwest,Mobile,Home,65.38,1,0.00,65.38,0,5
ORD-00485,2025-10-08,CUST-0687,Northeast,Store,Apparel,40.97,1,0.05,38.92,0,4
ORD-00486,2025-03-29,CUST-0364,South,Mobile,Home,70.56,2,0.00,141.12,0,8
ORD-00487,2025-04-13,CUST-0059,West,Web,Outdoors,57.10,2,0.00,114.19,0,5
ORD-00488,2025-01-05,CUST-0021,Midwest,Mobile,Outdoors,100.47,5,0.15,427.01,0,7
ORD-00489,2025-01-22,CUST-0170,Northeast,Store,Electronics,134.15,3,0.10,362.22,0,3
ORD-00490,2025-08-24,CUST-0073,Northeast,Web,Home,67.67,4,0.00,270.70,0,7
ORD-00491,2025-07-12,CUST-0832,Midwest,Mobile,Electronics,178.27,3,0.15,454.59,1,5
ORD-00492,2025-12-15,CUST-0705,South,Web,Electronics,189.01,1,0.15,160.66,0,3
ORD-00493,2025-02-20,CUST-0852,Northeast,Web,Apparel,67.25,2,0.10,121.04,0,5
ORD-00494,2025-11-01,CUST-0472,South,Web,Beauty,43.63,4,0.05,165.81,0,4
ORD-00495,2025-04-27,CUST-0558,Northeast,Mobile,Outdoors,87.66,1,0.20,70.13,0,2
ORD-00496,2025-04-08,CUST-0189,South,Mobile,Home,52.16,3,0.00,156.49,0,3
ORD-00497,2025-02-17,CUST-0501,Midwest,Mobile,Outdoors,37.40,1,0.20,29.92,0,6
ORD-00498,2025-11-22,CUST-0768,Northeast,Web,Electronics,137.21,1,0.10,123.49,0,5
ORD-00499,2025-12-23,CUST-0549,West,Web,Beauty,49.36,3,0.15,125.86,0,3
ORD-00500,2025-11-17,CUST-0479,Midwest,Web,Outdoors,108.80,4,0.05,413.44,0,5
ORD-00501,2025-07-29,CUST-0499,South,Mobile,Outdoors,53.09,2,0.15,90.26,0,6
ORD-00502,2025-02-15,CUST-0442,Midwest,Web,Beauty,42.90,1,0.20,34.32,0,3
ORD-00503,2025-08-20,CUST-0579,Northeast,Mobile,Beauty,7.86,2,0.00,15.72,0,6
ORD-00504,2025-01-03,CUST-0824,Northeast,Mobile,Outdoors,43.57,2,0.15,74.07,0,5
ORD-00505,2025-03-26,CUST-0334,South,Store,Apparel,51.84,1,0.15,44.06,0,2
ORD-00506,2025-11-26,CUST-0405,Midwest,Web,Outdoors,68.97,3,0.10,186.23,0,5
ORD-00507,2025-12-04,CUST-0282,West,Mobile,Outdoors,69.23,1,0.15,58.84,0,5
ORD-00508,2025-08-22,CUST-0121,West,Mobile,Electronics,150.93,2,0.05,286.76,0,2
ORD-00509,2025-11-24,CUST-0404,Northeast,Store,Electronics,185.52,2,0.30,259.73,0,2
ORD-00510,2025-11-19,CUST-0217,West,Web,Apparel,57.65,1,0.10,51.88,1,5
ORD-00511,2025-09-11,CUST-0417,Midwest,Web,Electronics,137.78,5,0.00,688.89,0,3
ORD-00512,2025-10-17,CUST-0501,West,Store,Home,31.46,3,0.10,84.94,0,2
ORD-00513,2025-12-29,CUST-0194,Northeast,Web,Apparel,55.09,2,0.05,104.67,0,3
ORD-00514,2025-11-12,CUST-0346,Northeast,Mobile,Apparel,55.97,1,0.00,55.97,0,5
ORD-00515,2025-07-09,CUST-0287,South,Store,Outdoors,95.14,2,0.30,133.19,0,1
ORD-00516,2025-12-29,CUST-0261,South,Mobile,Electronics,131.85,2,0.00,263.71,1,6
ORD-00517,2025-12-13,CUST-0729,South,Web,Apparel,63.24,1,0.00,63.24,0,3
ORD-00518,2025-04-02,CUST-0041,South,Web,Home,44.53,1,0.00,44.53,0,4
ORD-00519,2025-12-07,CUST-0677,South,Mobile,Home,49.71,1,0.15,42.26,0,2
ORD-00520,2025-04-03,CUST-0743,South,Store,Home,59.90,2,0.10,107.82,0,4
ORD-00521,2025-01-30,CUST-0287,South,Mobile,Electronics,98.20,1,0.10,88.38,0,4
ORD-00522,2025-09-22,CUST-0163,Midwest,Mobile,Beauty,38.39,2,0.05,72.95,1,5
ORD-00523,2025-11-17,CUST-0671,South,Web,Home,58.00,4,0.05,220.42,0,4
ORD-00524,2025-06-15,CUST-0108,Midwest,Web,Electronics,152.24,2,0.10,274.02,0,4
ORD-00525,2025-01-25,CUST-0782,West,Mobile,Home,31.70,3,0.20,76.07,0,4
ORD-00526,2025-02-26,CUST-0073,Midwest,Web,Apparel,50.38,4,0.00,201.52,1,6
ORD-00527,2025-05-01,CUST-0009,Midwest,Web,Home,47.37,2,0.05,90.00,0,1
ORD-00528,2025-04-29,CUST-0533,Northeast,Store,Beauty,23.66,1,0.00,23.66,0,2
ORD-00529,2025-06-27,CUST-0199,Midwest,Web,Beauty,36.43,2,0.10,65.57,0,3
ORD-00530,2025-01-30,CUST-0689,South,Web,Apparel,26.35,1,0.15,22.40,0,9
ORD-00531,2025-06-23,CUST-0672,Midwest,Web,Apparel,44.31,2,0.00,88.62,0,6
ORD-00532,2025-05-01,CUST-0885,West,Mobile,Apparel,30.81,1,0.10,27.73,1,6
ORD-00533,2025-04-30,CUST-0703,South,Store,Beauty,41.22,3,0.10,111.28,0,3
ORD-00534,2025-05-06,CUST-0053,Northeast,Mobile,Home,52.95,1,0.00,52.95,1,6
ORD-00535,2025-05-30,CUST-0655,Northeast,Web,Apparel,45.15,1,0.15,38.37,1,5
ORD-00536,2025-06-30,CUST-0370,Northeast,Web,Electronics,119.92,2,0.00,239.85,0,4
ORD-00537,2025-07-11,CUST-0544,West,Mobile,Electronics,110.71,1,0.05,105.17,0,4
ORD-00538,2025-09-19,CUST-0339,Midwest,Web,Electronics,112.97,3,0.20,271.14,0,2
ORD-00539,2025-12-13,CUST-0463,Northeast,Mobile,Beauty,32.07,2,0.00,64.13,0,2
ORD-00540,2025-01-16,CUST-0225,Midwest,Store,Outdoors,70.32,1,0.10,63.29,1,1
ORD-00541,2025-01-16,CUST-0579,Midwest,Web,Outdoors,96.10,2,0.00,192.21,0,8
ORD-00542,2025-07-17,CUST-0473,South,Mobile,Beauty,26.15,2,0.15,44.45,0,8
ORD-00543,2025-02-06,CUST-0662,South,Web,Electronics,149.68,2,0.00,299.36,0,2
ORD-00544,2025-10-29,CUST-0382,West,Web,Outdoors,57.04,1,0.05,54.19,0,5
ORD-00545,2025-12-15,CUST-0785,West,Web,Home,82.24,1,0.05,78.13,0,7
ORD-00546,2025-08-15,CUST-0496,Midwest,Web,Home,103.10,3,0.05,293.84,0,5
ORD-00547,2025-05-22,CUST-0355,South,Web,Electronics,205.82,1,0.00,205.82,0,3
ORD-00548,2025-11-01,CUST-0049,Northeast,Web,Outdoors,74.08,1,0.00,74.08,0,5
ORD-00549,2025-02-07,CUST-0085,South,Mobile,Beauty,32.39,1,0.05,30.77,0,1
ORD-00550,2025-11-09,CUST-0837,Midwest,Mobile,Beauty,32.48,2,0.05,61.70,0,5
ORD-00551,2025-04-06,CUST-0636,Midwest,Store,Electronics,167.55,1,0.10,150.80,0,3
ORD-00552,2025-01-06,CUST-0142,South,Web,Beauty,37.12,1,0.10,33.41,0,7
ORD-00553,2025-05-09,CUST-0033,West,Web,Electronics,242.03,1,0.00,242.03,0,5
ORD-00554,2025-02-09,CUST-0351,South,Web,Electronics,176.81,3,0.15,450.86,0,7
ORD-00555,2025-07-12,CUST-0580,South,Web,Apparel,38.17,1,0.05,36.26,0,2
ORD-00556,2025-02-20,CUST-0313,South,Mobile,Apparel,48.63,4,0.30,136.17,1,4
ORD-00557,2025-06-09,CUST-0814,Northeast,Web,Apparel,54.71,3,0.00,164.14,0,3
ORD-00558,2025-10-09,CUST-0852,West,Web,Home,65.08,1,0.00,65.08,0,4
ORD-00559,2025-10-22,CUST-0007,Northeast,Mobile,Home,67.87,1,0.10,61.08,0,4
ORD-00560,2025-11-14,CUST-0883,Northeast,Store,Home,68.82,2,0.15,116.99,0,1
ORD-00561,2025-08-16,CUST-0010,Midwest,Store,Home,34.81,1,0.00,34.81,0,1
ORD-00562,2025-06-04,CUST-0798,Midwest,Web,Beauty,35.37,2,0.10,63.67,1,6
ORD-00563,2025-02-16,CUST-0210,South,Mobile,Electronics,175.32,1,0.05,166.55,0,4
ORD-00564,2025-07-15,CUST-0803,South,Mobile,Beauty,26.98,1,0.05,25.63,1,4
ORD-00565,2025-05-19,CUST-0836,South,Web,Electronics,146.65,5,0.10,659.93,1,5
ORD-00566,2025-05-23,CUST-0874,Northeast,Store,Home,48.38,1,0.00,48.38,0,1
ORD-00567,2025-05-08,CUST-0616,West,Mobile,Home,61.69,1,0.30,43.18,1,7
ORD-00568,2025-08-09,CUST-0465,West,Store,Electronics,204.55,1,0.20,163.64,0,1
ORD-00569,2025-11-16,CUST-0848,West,Web,Home,53.01,2,0.05,100.73,0,5
ORD-00570,2025-05-28,CUST-0511,Northeast,Store,Outdoors,104.65,2,0.00,209.31,0,3
ORD-00571,2025-02-22,CUST-0637,South,Mobile,Home,74.12,1,0.20,59.30,0,3
ORD-00572,2025-05-29,CUST-0742,Midwest,Mobile,Electronics,129.67,2,0.00,259.34,0,8
ORD-00573,2025-07-10,CUST-0622,Midwest,Mobile,Beauty,42.64,5,0.20,170.57,0,3
ORD-00574,2025-01-29,CUST-0609,Midwest,Store,Electronics,206.70,3,0.10,558.08,0,4
ORD-00575,2025-09-10,CUST-0765,Midwest,Mobile,Home,55.22,2,0.00,110.43,0,6
ORD-00576,2025-01-24,CUST-0560,Northeast,Web,Outdoors,93.18,1,0.30,65.22,0,4
ORD-00577,2025-10-16,CUST-0515,South,Web,Outdoors,100.76,2,0.20,161.21,0,4
ORD-00578,2025-04-17,CUST-0178,Midwest,Store,Electronics,85.52,1,0.15,72.69,0,4
ORD-00579,2025-05-13,CUST-0179,Northeast,Web,Home,57.18,3,0.05,162.97,0,8
ORD-00580,2025-07-03,CUST-0254,West,Mobile,Electronics,168.67,1,0.05,160.24,0,1
ORD-00581,2025-04-21,CUST-0535,Midwest,Mobile,Beauty,29.34,1,0.00,29.34,0,3
ORD-00582,2025-03-08,CUST-0623,South,Web,Apparel,59.84,1,0.00,59.84,0,4
ORD-00583,2025-01-05,CUST-0142,West,Mobile,Home,72.41,2,0.00,144.82,0,7
ORD-00584,2025-11-20,CUST-0720,South,Mobile,Apparel,30.58,3,0.00,91.74,0,1
ORD-00585,2025-07-16,CUST-0547,West,Web,Outdoors,74.45,1,0.10,67.01,0,4
ORD-00586,2025-04-11,CUST-0172,Midwest,Mobile,Beauty,46.05,1,0.10,41.44,0,4
ORD-00587,2025-11-02,CUST-0384,Midwest,Store,Electronics,160.77,1,0.30,112.54,0,2
ORD-00588,2025-08-07,CUST-0613,Northeast,Web,Beauty,23.63,2,0.15,40.17,0,5
ORD-00589,2025-06-25,CUST-0891,Northeast,Mobile,Electronics,134.33,1,0.00,134.33,0,5
ORD-00590,2025-01-22,CUST-0366,Midwest,Web,Outdoors,82.53,3,0.00,247.59,0,4
ORD-00591,2025-12-21,CUST-0478,West,Web,Outdoors,82.85,1,0.05,78.71,0,4
ORD-00592,2025-09-20,CUST-0544,West,Web,Outdoors,42.89,1,0.10,38.60,0,7
ORD-00593,2025-02-02,CUST-0824,West,Web,Home,28.93,1,0.15,24.59,0,6
ORD-00594,2025-08-02,CUST-0498,Northeast,Store,Outdoors,91.10,4,0.15,309.74,1,1
ORD-00595,2025-05-25,CUST-0036,South,Web,Apparel,43.02,2,0.05,81.75,0,7
ORD-00596,2025-01-10,CUST-0150,Midwest,Mobile,Electronics,137.97,1,0.30,96.58,0,7
ORD-00597,2025-05-25,CUST-0304,West,Web,Apparel,20.07,1,0.30,14.05,1,5
ORD-00598,2025-11-30,CUST-0095,Midwest,Mobile,Beauty,45.47,1,0.20,36.37,1,4
ORD-00599,2025-07-22,CUST-0889,West,Web,Apparel,45.10,1,0.30,31.57,0,7
ORD-00600,2025-07-06,CUST-0007,Midwest,Web,Apparel,45.38,1,0.10,40.84,0,3
ORD-00601,2025-01-20,CUST-0157,West,Store,Beauty,36.81,4,0.10,132.51,0,1
ORD-00602,2025-08-26,CUST-0652,West,Web,Outdoors,49.12,1,0.15,41.75,0,4
ORD-00603,2025-03-19,CUST-0691,Northeast,Mobile,Beauty,28.11,3,0.00,84.34,0,1
ORD-00604,2025-08-16,CUST-0674,Northeast,Mobile,Home,69.01,2,0.30,96.61,0,5
ORD-00605,2025-06-28,CUST-0524,South,Mobile,Home,54.39,3,0.05,155.01,0,5
ORD-00606,2025-08-01,CUST-0510,South,Web,Apparel,34.87,5,0.00,174.36,0,1
ORD-00607,2025-02-09,CUST-0791,Midwest,Web,Electronics,180.21,1,0.00,180.21,0,3
ORD-00608,2025-05-20,CUST-0543,West,Web,Beauty,17.45,4,0.15,59.33,0,4
ORD-00609,2025-12-12,CUST-0182,West,Store,Apparel,57.95,3,0.00,173.84,0,1
ORD-00610,2025-07-06,CUST-0170,Northeast,Mobile,Apparel,58.33,1,0.00,58.33,1,7
ORD-00611,2025-08-29,CUST-0283,West,Store,Outdoors,69.55,1,0.20,55.64,0,1
ORD-00612,2025-04-20,CUST-0018,Northeast,Web,Outdoors,84.54,1,0.00,84.54,0,7
ORD-00613,2025-06-27,CUST-0426,Midwest,Web,Electronics,185.44,1,0.10,166.90,0,8
ORD-00614,2025-02-18,CUST-0861,Midwest,Mobile,Apparel,30.67,1,0.05,29.14,0,3
ORD-00615,2025-11-14,CUST-0077,Midwest,Web,Electronics,122.70,1,0.00,122.70,0,3
ORD-00616,2025-08-07,CUST-0448,South,Web,Electronics,142.89,1,0.20,114.31,1,7
ORD-00617,2025-02-13,CUST-0721,South,Mobile,Home,84.87,2,0.15,144.28,1,6
ORD-00618,2025-02-17,CUST-0322,South,Web,Beauty,26.16,5,0.15,111.17,0,6
ORD-00619,2025-03-15,CUST-0198,West,Mobile,Outdoors,89.39,1,0.00,89.39,0,5
ORD-00620,2025-02-21,CUST-0583,West,Web,Outdoors,19.98,1,0.05,18.98,0,1
ORD-00621,2025-08-12,CUST-0202,South,Web,Home,67.89,1,0.20,54.31,0,1
ORD-00622,2025-01-20,CUST-0332,South,Web,Outdoors,59.03,3,0.05,168.24,0,3
ORD-00623,2025-08-14,CUST-0548,South,Web,Electronics,138.61,5,0.00,693.04,0,2
ORD-00624,2025-10-12,CUST-0879,Northeast,Web,Outdoors,91.62,2,0.20,146.59,1,4
ORD-00625,2025-01-13,CUST-0726,West,Mobile,Home,38.27,2,0.15,65.07,0,2
ORD-00626,2025-08-18,CUST-0757,West,Web,Outdoors,48.23,1,0.00,48.23,0,10
ORD-00627,2025-04-26,CUST-0556,South,Web,Outdoors,86.57,2,0.05,164.48,1,4
ORD-00628,2025-02-12,CUST-0500,Northeast,Web,Apparel,31.06,3,0.10,83.87,0,5
ORD-00629,2025-04-28,CUST-0886,West,Mobile,Home,39.30,3,0.10,106.11,0,3
ORD-00630,2025-04-08,CUST-0257,Midwest,Web,Apparel,35.23,4,0.15,119.78,0,2
ORD-00631,2025-11-12,CUST-0795,Midwest,Web,Electronics,103.59,4,0.10,372.94,0,6
ORD-00632,2025-09-03,CUST-0235,Northeast,Store,Home,54.07,1,0.00,54.07,0,1
ORD-00633,2025-04-02,CUST-0861,South,Web,Apparel,48.79,2,0.05,92.69,0,4
ORD-00634,2025-06-05,CUST-0123,South,Web,Home,99.02,1,0.10,89.12,0,3
ORD-00635,2025-11-19,CUST-0029,West,Store,Home,54.40,1,0.05,51.68,1,4
ORD-00636,2025-03-16,CUST-0861,Midwest,Mobile,Electronics,136.16,1,0.00,136.16,0,2
ORD-00637,2025-10-11,CUST-0112,West,Web,Home,38.30,1,0.20,30.64,0,4
ORD-00638,2025-12-01,CUST-0823,South,Web,Home,66.88,1,0.30,46.81,0,2
ORD-00639,2025-11-11,CUST-0024,South,Mobile,Electronics,99.52,2,0.10,179.13,0,2
ORD-00640,2025-08-11,CUST-0848,South,Mobile,Electronics,182.34,2,0.10,328.22,0,4
ORD-00641,2025-05-21,CUST-0023,Midwest,Web,Outdoors,94.39,2,0.05,179.33,0,4
ORD-00642,2025-05-05,CUST-0718,Northeast,Store,Apparel,47.22,1,0.10,42.50,0,2
ORD-00643,2025-06-22,CUST-0056,West,Web,Home,56.57,2,0.10,101.83,0,5
ORD-00644,2025-03-22,CUST-0294,South,Store,Electronics,122.04,1,0.20,97.63,1,2
ORD-00645,2025-05-22,CUST-0258,Midwest,Web,Apparel,44.66,1,0.00,44.66,0,2
ORD-00646,2025-03-17,CUST-0393,Midwest,Web,Home,54.95,3,0.15,140.12,0,6
ORD-00647,2025-02-10,CUST-0451,Midwest,Store,Apparel,69.45,1,0.00,69.45,0,1
ORD-00648,2025-08-19,CUST-0591,Northeast,Web,Beauty,43.91,2,0.00,87.82,0,2
ORD-00649,2025-09-07,CUST-0065,Northeast,Web,Outdoors,99.33,2,0.15,168.86,0,5
ORD-00650,2025-04-07,CUST-0449,Midwest,Store,Apparel,32.79,1,0.20,26.23,0,1
ORD-00651,2025-09-30,CUST-0073,South,Web,Beauty,10.09,1,0.10,9.08,0,7
ORD-00652,2025-10-30,CUST-0142,Midwest,Web,Home,37.59,2,0.10,67.66,0,5
ORD-00653,2025-04-06,CUST-0145,South,Web,Electronics,134.51,2,0.10,242.12,0,2
ORD-00654,2025-05-04,CUST-0669,Midwest,Mobile,Outdoors,48.36,1,0.15,41.10,0,5
ORD-00655,2025-05-10,CUST-0095,Midwest,Web,Home,81.00,1,0.15,68.85,0,3
ORD-00656,2025-08-26,CUST-0199,South,Web,Home,26.43,2,0.00,52.86,0,5
ORD-00657,2025-09-22,CUST-0814,South,Mobile,Home,46.49,1,0.20,37.19,0,2
ORD-00658,2025-06-18,CUST-0830,Northeast,Web,Apparel,54.65,5,0.00,273.23,0,3
ORD-00659,2025-03-14,CUST-0174,South,Web,Outdoors,40.07,1,0.00,40.07,0,2
ORD-00660,2025-09-01,CUST-0340,South,Web,Outdoors,80.68,1,0.30,56.47,1,4
ORD-00661,2025-07-01,CUST-0724,Northeast,Web,Beauty,24.60,4,0.00,98.40,0,5
ORD-00662,2025-05-27,CUST-0342,South,Web,Beauty,23.84,5,0.10,107.26,0,7
ORD-00663,2025-02-18,CUST-0782,Midwest,Web,Beauty,36.44,1,0.10,32.80,0,6
ORD-00664,2025-01-18,CUST-0814,Northeast,Mobile,Home,50.68,2,0.10,91.23,0,4
ORD-00665,2025-10-15,CUST-0766,Northeast,Web,Beauty,9.05,3,0.30,19.00,1,4
ORD-00666,2025-05-15,CUST-0333,Midwest,Store,Outdoors,68.91,3,0.10,186.06,0,2
ORD-00667,2025-03-11,CUST-0152,Northeast,Web,Apparel,40.44,2,0.05,76.84,0,1
ORD-00668,2025-07-09,CUST-0545,South,Mobile,Beauty,32.39,4,0.00,129.56,0,1
ORD-00669,2025-04-06,CUST-0307,West,Mobile,Beauty,28.20,1,0.05,26.79,0,7
ORD-00670,2025-01-11,CUST-0489,West,Mobile,Outdoors,54.64,1,0.00,54.64,0,1
ORD-00671,2025-07-28,CUST-0795,South,Store,Home,71.74,1,0.00,71.74,0,2
ORD-00672,2025-06-07,CUST-0042,South,Mobile,Electronics,123.77,2,0.30,173.28,1,8
ORD-00673,2025-04-12,CUST-0032,West,Mobile,Outdoors,94.06,1,0.00,94.06,0,5
ORD-00674,2025-10-30,CUST-0778,Northeast,Mobile,Outdoors,80.02,4,0.00,320.09,0,6
ORD-00675,2025-09-28,CUST-0536,Midwest,Store,Electronics,143.74,2,0.00,287.47,0,1
ORD-00676,2025-03-28,CUST-0870,West,Web,Apparel,24.18,2,0.00,48.36,0,5
ORD-00677,2025-11-22,CUST-0436,Northeast,Mobile,Electronics,128.05,1,0.05,121.65,1,6
ORD-00678,2025-03-08,CUST-0124,South,Web,Outdoors,75.20,1,0.10,67.68,0,3
ORD-00679,2025-05-11,CUST-0695,West,Web,Beauty,25.46,2,0.05,48.36,1,4
ORD-00680,2025-06-30,CUST-0325,Midwest,Web,Electronics,99.25,1,0.00,99.25,0,4
ORD-00681,2025-09-20,CUST-0691,Midwest,Store,Outdoors,78.74,1,0.30,55.12,0,2
ORD-00682,2025-05-06,CUST-0326,Midwest,Web,Home,61.24,2,0.00,122.47,0,4
ORD-00683,2025-03-23,CUST-0565,Northeast,Web,Outdoors,65.41,1,0.15,55.60,0,4
ORD-00684,2025-11-21,CUST-0037,Northeast,Web,Apparel,79.88,1,0.00,79.88,0,2
ORD-00685,2025-10-27,CUST-0232,Midwest,Store,Outdoors,70.59,2,0.00,141.18,0,3
ORD-00686,2025-11-14,CUST-0568,West,Web,Beauty,46.27,1,0.15,39.33,0,1
ORD-00687,2025-12-03,CUST-0327,South,Web,Apparel,32.89,1,0.10,29.60,0,6
ORD-00688,2025-04-20,CUST-0783,Midwest,Store,Electronics,190.37,1,0.05,180.85,0,2
ORD-00689,2025-07-20,CUST-0120,West,Web,Apparel,50.77,1,0.10,45.69,0,3
ORD-00690,2025-11-05,CUST-0848,Northeast,Store,Home,76.13,1,0.05,72.33,0,2
ORD-00691,2025-10-20,CUST-0120,Midwest,Store,Apparel,44.66,1,0.00,44.66,0,1
ORD-00692,2025-10-29,CUST-0148,Midwest,Web,Beauty,28.81,4,0.05,109.48,0,7
ORD-00693,2025-03-20,CUST-0069,Northeast,Web,Electronics,171.40,1,0.00,171.40,0,3
ORD-00694,2025-03-10,CUST-0621,West,Web,Home,79.69,5,0.10,358.60,0,6
ORD-00695,2025-11-16,CUST-0685,Northeast,Store,Apparel,51.98,4,0.00,207.92,1,2
ORD-00696,2025-11-05,CUST-0776,Northeast,Web,Electronics,136.98,5,0.15,582.14,0,3
ORD-00697,2025-07-06,CUST-0114,Midwest,Web,Outdoors,91.92,1,0.00,91.92,0,3
ORD-00698,2025-10-02,CUST-0699,Midwest,Web,Apparel,46.10,3,0.05,131.39,0,2
ORD-00699,2025-10-23,CUST-0747,Northeast,Mobile,Home,82.08,3,0.20,196.99,0,7
ORD-00700,2025-08-14,CUST-0860,Midwest,Web,Apparel,43.30,3,0.10,116.92,0,5
ORD-00701,2025-12-05,CUST-0291,South,Mobile,Outdoors,55.67,1,0.05,52.89,0,4
ORD-00702,2025-08-13,CUST-0444,Northeast,Mobile,Beauty,30.92,1,0.05,29.37,0,7
ORD-00703,2025-07-06,CUST-0464,Midwest,Store,Home,62.39,3,0.15,159.09,0,1
ORD-00704,2025-09-14,CUST-0448,Midwest,Store,Apparel,40.71,1,0.00,40.71,0,1
ORD-00705,2025-07-27,CUST-0215,Northeast,Web,Beauty,36.77,2,0.15,62.52,0,5
ORD-00706,2025-08-17,CUST-0645,West,Web,Home,65.42,3,0.00,196.27,0,4
ORD-00707,2025-10-03,CUST-0533,Midwest,Web,Apparel,67.06,2,0.10,120.70,0,1
ORD-00708,2025-02-04,CUST-0825,South,Store,Outdoors,75.57,3,0.05,215.38,0,3
ORD-00709,2025-06-02,CUST-0700,West,Mobile,Home,13.93,1,0.00,13.93,0,2
ORD-00710,2025-07-09,CUST-0712,South,Mobile,Electronics,73.51,1,0.10,66.15,0,1
ORD-00711,2025-04-11,CUST-0666,South,Store,Beauty,30.62,2,0.00,61.23,0,1
ORD-00712,2025-12-25,CUST-0166,Northeast,Mobile,Outdoors,89.18,3,0.05,254.15,0,1
ORD-00713,2025-10-24,CUST-0404,South,Web,Outdoors,54.51,1,0.00,54.51,0,3
ORD-00714,2025-10-12,CUST-0186,Midwest,Store,Apparel,59.93,4,0.15,203.77,0,1
ORD-00715,2025-10-17,CUST-0461,Midwest,Store,Home,56.42,2,0.30,78.99,0,1
ORD-00716,2025-12-22,CUST-0784,Midwest,Web,Electronics,216.48,3,0.10,584.49,0,5
ORD-00717,2025-11-06,CUST-0132,Midwest,Mobile,Apparel,73.01,2,0.15,124.12,0,4
ORD-00718,2025-12-14,CUST-0404,South,Mobile,Apparel,48.39,3,0.00,145.16,0,5
ORD-00719,2025-11-13,CUST-0821,South,Web,Home,89.27,1,0.05,84.80,0,3
ORD-00720,2025-08-31,CUST-0138,Midwest,Store,Outdoors,111.95,1,0.10,100.75,0,1
ORD-00721,2025-11-02,CUST-0796,Northeast,Mobile,Home,66.00,1,0.00,66.00,0,3
ORD-00722,2025-11-13,CUST-0229,Northeast,Web,Beauty,21.60,1,0.15,18.36,0,7
ORD-00723,2025-03-08,CUST-0376,Midwest,Web,Apparel,33.03,2,0.00,66.07,0,3
ORD-00724,2025-09-09,CUST-0342,West,Store,Beauty,40.37,1,0.00,40.37,0,1
ORD-00725,2025-09-18,CUST-0694,West,Mobile,Electronics,136.95,2,0.05,260.21,1,5
ORD-00726,2025-07-01,CUST-0461,South,Web,Beauty,50.35,5,0.05,239.17,0,5
ORD-00727,2025-09-05,CUST-0701,South,Web,Home,44.85,1,0.15,38.13,0,2
ORD-00728,2025-04-08,CUST-0229,Northeast,Web,Apparel,49.88,3,0.00,149.63,0,3
ORD-00729,2025-05-01,CUST-0516,South,Store,Electronics,59.28,3,0.20,142.27,0,2
ORD-00730,2025-07-24,CUST-0140,West,Store,Beauty,40.00,1,0.00,40.00,0,1
ORD-00731,2025-03-13,CUST-0882,West,Mobile,Home,85.55,2,0.10,153.99,0,6
ORD-00732,2025-07-11,CUST-0461,South,Mobile,Apparel,46.99,1,0.10,42.29,0,4
ORD-00733,2025-09-10,CUST-0552,West,Web,Home,44.35,1,0.00,44.35,0,3
ORD-00734,2025-11-07,CUST-0219,West,Web,Apparel,62.16,1,0.15,52.84,1,8
ORD-00735,2025-12-14,CUST-0187,Northeast,Store,Apparel,55.35,3,0.05,157.75,0,2
ORD-00736,2025-03-02,CUST-0074,Midwest,Store,Outdoors,59.76,3,0.10,161.36,1,1
ORD-00737,2025-02-05,CUST-0798,West,Mobile,Outdoors,63.64,1,0.00,63.64,0,7
ORD-00738,2025-10-22,CUST-0380,Midwest,Web,Apparel,49.99,1,0.10,44.99,0,4
ORD-00739,2025-06-12,CUST-0204,South,Store,Home,24.12,3,0.10,65.12,0,3
ORD-00740,2025-12-31,CUST-0445,Northeast,Mobile,Apparel,60.26,1,0.15,51.22,0,6
ORD-00741,2025-12-23,CUST-0319,Midwest,Web,Apparel,47.13,1,0.15,40.06,0,2
ORD-00742,2025-05-12,CUST-0582,Midwest,Store,Electronics,165.94,3,0.10,448.05,0,2
ORD-00743,2025-12-04,CUST-0302,Northeast,Store,Apparel,58.06,2,0.00,116.11,0,1
ORD-00744,2025-09-07,CUST-0787,South,Store,Home,61.41,5,0.05,291.69,0,4
ORD-00745,2025-04-28,CUST-0677,West,Web,Home,61.12,1,0.10,55.01,0,4
ORD-00746,2025-08-21,CUST-0647,Midwest,Mobile,Beauty,39.79,1,0.00,39.79,0,8
ORD-00747,2025-07-12,CUST-0628,Northeast,Web,Outdoors,74.03,2,0.30,103.64,0,5
ORD-00748,2025-06-15,CUST-0591,Midwest,Store,Home,46.87,5,0.15,199.21,0,3
ORD-00749,2025-02-06,CUST-0135,South,Web,Beauty,32.67,2,0.30,45.73,0,2
ORD-00750,2025-01-04,CUST-0432,South,Mobile,Electronics,148.77,1,0.05,141.33,0,3
ORD-00751,2025-08-29,CUST-0192,Midwest,Web,Home,54.67,1,0.05,51.93,0,2
ORD-00752,2025-11-04,CUST-0157,Midwest,Store,Beauty,37.86,1,0.00,37.86,0,1
ORD-00753,2025-10-22,CUST-0827,South,Web,Electronics,143.06,5,0.00,715.30,0,1
ORD-00754,2025-06-18,CUST-0228,Northeast,Web,Beauty,38.53,1,0.05,36.60,0,5
ORD-00755,2025-12-21,CUST-0112,West,Web,Home,63.69,3,0.30,133.76,0,5
ORD-00756,2025-11-16,CUST-0726,South,Mobile,Electronics,165.36,1,0.00,165.36,0,4
ORD-00757,2025-09-08,CUST-0751,Northeast,Mobile,Outdoors,86.20,3,0.10,232.73,0,2
ORD-00758,2025-06-20,CUST-0873,Midwest,Web,Beauty,41.93,5,0.00,209.66,0,2
ORD-00759,2025-08-24,CUST-0424,Northeast,Web,Apparel,68.66,3,0.00,205.99,0,4
ORD-00760,2025-06-22,CUST-0550,West,Mobile,Home,44.78,3,0.05,127.63,0,5
ORD-00761,2025-06-30,CUST-0689,Northeast,Mobile,Outdoors,92.13,1,0.05,87.52,0,6
ORD-00762,2025-08-22,CUST-0642,Midwest,Store,Electronics,125.63,2,0.15,213.57,0,1
ORD-00763,2025-06-17,CUST-0664,Northeast,Web,Beauty,34.11,1,0.20,27.29,0,3
ORD-00764,2025-08-31,CUST-0029,Midwest,Web,Apparel,45.43,1,0.00,45.43,0,6
ORD-00765,2025-03-07,CUST-0311,Midwest,Store,Electronics,130.97,2,0.00,261.94,0,1
ORD-00766,2025-04-27,CUST-0873,South,Web,Apparel,23.11,2,0.00,46.23,0,7
ORD-00767,2025-01-07,CUST-0621,Northeast,Store,Electronics,193.76,1,0.05,184.07,0,1
ORD-00768,2025-05-29,CUST-0120,Midwest,Mobile,Home,54.39,3,0.15,138.70,0,4
ORD-00769,2025-03-24,CUST-0289,Northeast,Web,Outdoors,70.26,2,0.05,133.50,0,5
ORD-00770,2025-03-25,CUST-0771,West,Mobile,Beauty,17.24,2,0.20,27.58,0,2
ORD-00771,2025-12-21,CUST-0753,Northeast,Store,Home,70.75,4,0.00,283.01,0,5
ORD-00772,2025-10-01,CUST-0650,Northeast,Web,Electronics,150.29,2,0.05,285.55,0,2
ORD-00773,2025-01-08,CUST-0673,South,Web,Home,52.47,1,0.05,49.85,0,1
ORD-00774,2025-09-20,CUST-0098,South,Web,Apparel,39.33,1,0.10,35.39,0,9
ORD-00775,2025-08-03,CUST-0006,Northeast,Store,Home,68.68,1,0.00,68.68,0,3
ORD-00776,2025-12-08,CUST-0740,South,Mobile,Electronics,131.62,2,0.20,210.59,0,5
ORD-00777,2025-09-28,CUST-0658,West,Store,Apparel,33.32,2,0.10,59.98,0,1
ORD-00778,2025-02-28,CUST-0344,Midwest,Mobile,Apparel,45.67,2,0.10,82.20,0,4
ORD-00779,2025-06-30,CUST-0217,Midwest,Web,Outdoors,18.14,1,0.20,14.51,0,6
ORD-00780,2025-09-24,CUST-0266,West,Web,Beauty,27.07,1,0.15,23.01,0,4
ORD-00781,2025-04-25,CUST-0578,South,Mobile,Home,44.67,2,0.15,75.93,0,2
ORD-00782,2025-05-05,CUST-0562,Northeast,Web,Home,82.55,1,0.20,66.04,0,4
ORD-00783,2025-07-03,CUST-0840,West,Mobile,Electronics,140.84,4,0.10,507.03,0,3
ORD-00784,2025-12-24,CUST-0431,South,Mobile,Electronics,156.00,1,0.10,140.40,0,3
ORD-00785,2025-05-18,CUST-0326,Midwest,Web,Beauty,39.10,3,0.00,117.30,0,5
ORD-00786,2025-05-08,CUST-0144,South,Mobile,Apparel,48.36,1,0.10,43.53,0,5
ORD-00787,2025-03-24,CUST-0272,South,Web,Beauty,25.11,2,0.10,45.19,0,3
ORD-00788,2025-12-11,CUST-0640,Midwest,Web,Beauty,30.37,1,0.10,27.33,0,3
ORD-00789,2025-01-27,CUST-0831,Midwest,Web,Apparel,17.01,1,0.20,13.61,0,2
ORD-00790,2025-10-03,CUST-0523,Midwest,Web,Home,45.35,2,0.15,77.09,0,3
ORD-00791,2025-01-07,CUST-0335,Midwest,Web,Electronics,137.90,1,0.00,137.90,0,3
ORD-00792,2025-02-28,CUST-0073,West,Mobile,Home,59.31,1,0.00,59.31,0,3
ORD-00793,2025-04-02,CUST-0147,Northeast,Store,Electronics,154.74,2,0.30,216.63,0,3
ORD-00794,2025-04-11,CUST-0762,Midwest,Mobile,Home,44.58,1,0.30,31.20,0,5
ORD-00795,2025-03-22,CUST-0688,West,Store,Outdoors,108.15,2,0.10,194.67,0,5
ORD-00796,2025-07-30,CUST-0597,Northeast,Mobile,Apparel,16.19,2,0.15,27.52,0,1
ORD-00797,2025-07-26,CUST-0589,West,Web,Outdoors,19.81,1,0.10,17.82,0,3
ORD-00798,2025-03-13,CUST-0764,South,Web,Apparel,45.05,1,0.10,40.55,0,4
ORD-00799,2025-09-28,CUST-0433,West,Mobile,Outdoors,89.32,3,0.00,267.96,0,4
ORD-00800,2025-11-21,CUST-0349,Midwest,Store,Electronics,178.24,1,0.05,169.32,0,2
ORD-00801,2025-04-28,CUST-0895,West,Mobile,Apparel,28.33,2,0.10,51.00,0,4
ORD-00802,2025-01-10,CUST-0375,Midwest,Web,Electronics,145.29,1,0.10,130.76,0,2
ORD-00803,2025-07-15,CUST-0807,Northeast,Mobile,Outdoors,34.36,1,0.00,34.36,0,4
ORD-00804,2025-12-09,CUST-0830,West,Web,Outdoors,97.90,2,0.10,176.22,1,10
ORD-00805,2025-01-16,CUST-0399,Midwest,Web,Electronics,197.78,2,0.15,336.23,0,4
ORD-00806,2025-03-02,CUST-0894,Midwest,Mobile,Outdoors,92.67,1,0.10,83.40,0,4
ORD-00807,2025-10-08,CUST-0810,Northeast,Web,Outdoors,77.87,1,0.00,77.87,0,7
ORD-00808,2025-09-01,CUST-0681,South,Web,Outdoors,96.52,5,0.00,482.59,0,7
ORD-00809,2025-06-28,CUST-0736,West,Web,Outdoors,66.39,1,0.00,66.39,0,5
ORD-00810,2025-07-07,CUST-0639,Northeast,Mobile,Electronics,198.38,2,0.00,396.75,0,2
ORD-00811,2025-08-13,CUST-0328,Midwest,Mobile,Outdoors,76.64,2,0.05,145.62,0,2
ORD-00812,2025-04-14,CUST-0483,Northeast,Mobile,Electronics,131.07,2,0.00,262.13,0,3
ORD-00813,2025-08-28,CUST-0103,West,Store,Outdoors,70.77,1,0.05,67.23,0,1
ORD-00814,2025-11-17,CUST-0806,Northeast,Mobile,Electronics,110.46,1,0.10,99.41,0,4
ORD-00815,2025-03-25,CUST-0168,South,Store,Outdoors,75.00,2,0.30,105.00,0,3
ORD-00816,2025-06-16,CUST-0094,Midwest,Store,Electronics,168.60,2,0.05,320.35,0,4
ORD-00817,2025-07-15,CUST-0237,South,Store,Electronics,131.14,1,0.10,118.02,0,5
ORD-00818,2025-02-20,CUST-0450,West,Mobile,Outdoors,103.87,3,0.00,311.61,0,8
ORD-00819,2025-08-10,CUST-0657,West,Web,Electronics,190.47,1,0.00,190.47,0,5
ORD-00820,2025-03-13,CUST-0266,Midwest,Web,Beauty,30.08,4,0.05,114.31,0,3
ORD-00821,2025-08-31,CUST-0366,Northeast,Mobile,Apparel,45.53,4,0.05,173.01,0,5
ORD-00822,2025-11-20,CUST-0851,Northeast,Mobile,Outdoors,138.40,1,0.00,138.40,0,4
ORD-00823,2025-12-16,CUST-0158,Northeast,Web,Beauty,31.79,4,0.10,114.46,0,5
ORD-00824,2025-04-03,CUST-0686,South,Store,Apparel,55.49,1,0.00,55.49,0,2
ORD-00825,2025-12-22,CUST-0558,Midwest,Web,Outdoors,103.01,1,0.00,103.01,0,5
ORD-00826,2025-03-03,CUST-0115,South,Store,Apparel,55.14,1,0.00,55.14,0,2
ORD-00827,2025-01-31,CUST-0560,Midwest,Store,Apparel,51.99,2,0.05,98.77,0,1
ORD-00828,2025-03-27,CUST-0627,Midwest,Mobile,Beauty,31.01,3,0.00,93.03,0,2
ORD-00829,2025-09-09,CUST-0453,Midwest,Mobile,Home,38.30,2,0.20,61.28,0,5
ORD-00830,2025-04-06,CUST-0331,West,Store,Electronics,132.52,2,0.30,185.53,0,5
ORD-00831,2025-11-09,CUST-0246,Northeast,Mobile,Outdoors,97.03,3,0.15,247.43,0,6
ORD-00832,2025-07-28,CUST-0475,Midwest,Web,Beauty,36.87,2,0.10,66.36,0,5
ORD-00833,2025-11-14,CUST-0837,Midwest,Web,Apparel,52.69,1,0.05,50.06,0,3
ORD-00834,2025-10-08,CUST-0143,Midwest,Mobile,Home,68.04,2,0.15,115.67,0,5
ORD-00835,2025-05-10,CUST-0222,Northeast,Mobile,Electronics,46.87,1,0.00,46.87,0,4
ORD-00836,2025-10-14,CUST-0871,Midwest,Mobile,Electronics,100.38,3,0.00,301.15,0,8
ORD-00837,2025-03-02,CUST-0047,Northeast,Mobile,Beauty,26.56,3,0.15,67.73,0,4
ORD-00838,2025-07-29,CUST-0092,Midwest,Web,Apparel,39.32,3,0.20,94.37,0,4
ORD-00839,2025-09-24,CUST-0844,South,Web,Home,59.25,2,0.20,94.80,0,7
ORD-00840,2025-03-03,CUST-0558,South,Web,Electronics,143.07,3,0.10,386.28,0,4
ORD-00841,2025-07-06,CUST-0255,Midwest,Mobile,Apparel,43.56,1,0.15,37.03,0,1
ORD-00842,2025-03-03,CUST-0135,Northeast,Mobile,Home,72.51,4,0.20,232.02,0,4
ORD-00843,2025-11-08,CUST-0666,South,Mobile,Beauty,30.98,2,0.10,55.76,0,4
ORD-00844,2025-04-11,CUST-0517,Northeast,Store,Outdoors,94.63,1,0.00,94.63,0,1
ORD-00845,2025-11-28,CUST-0074,South,Web,Outdoors,143.94,1,0.15,122.35,0,6
ORD-00846,2025-10-13,CUST-0541,South,Store,Beauty,34.84,5,0.30,121.96,0,1
ORD-00847,2025-08-08,CUST-0636,South,Mobile,Electronics,104.25,2,0.15,177.23,0,5
ORD-00848,2025-04-11,CUST-0533,West,Web,Apparel,49.05,2,0.00,98.11,0,2
ORD-00849,2025-01-27,CUST-0852,West,Web,Electronics,102.57,1,0.15,87.18,0,5
ORD-00850,2025-01-24,CUST-0784,South,Mobile,Apparel,58.10,1,0.10,52.29,0,2
ORD-00851,2025-01-04,CUST-0664,South,Web,Home,57.53,1,0.05,54.65,0,6
ORD-00852,2025-02-12,CUST-0264,West,Mobile,Apparel,64.03,1,0.10,57.63,0,5
ORD-00853,2025-09-09,CUST-0790,South,Web,Apparel,41.00,1,0.20,32.80,0,4
ORD-00854,2025-12-26,CUST-0674,West,Web,Electronics,108.17,3,0.15,275.82,0,3
ORD-00855,2025-10-23,CUST-0091,West,Mobile,Apparel,51.50,3,0.15,131.33,0,1
ORD-00856,2025-12-23,CUST-0282,West,Mobile,Apparel,70.95,1,0.05,67.40,0,4
ORD-00857,2025-05-13,CUST-0700,West,Web,Beauty,51.28,5,0.10,230.78,0,2
ORD-00858,2025-06-22,CUST-0742,South,Web,Electronics,208.28,2,0.05,395.73,0,3
ORD-00859,2025-12-08,CUST-0841,Northeast,Mobile,Apparel,50.01,1,0.00,50.01,0,6
ORD-00860,2025-12-11,CUST-0172,Northeast,Web,Electronics,67.97,2,0.00,135.93,0,4
ORD-00861,2025-12-03,CUST-0587,West,Web,Electronics,179.08,3,0.15,456.66,0,4
ORD-00862,2025-05-07,CUST-0584,Northeast,Web,Home,67.22,1,0.00,67.22,0,3
ORD-00863,2025-09-03,CUST-0712,Northeast,Web,Outdoors,100.97,2,0.15,171.65,1,6
ORD-00864,2025-05-28,CUST-0896,Northeast,Web,Apparel,26.05,1,0.15,22.14,0,4
ORD-00865,2025-06-12,CUST-0552,West,Web,Apparel,44.16,3,0.15,112.61,0,3
ORD-00866,2025-05-13,CUST-0134,Midwest,Store,Electronics,149.33,2,0.00,298.66,0,1
ORD-00867,2025-08-14,CUST-0257,Northeast,Web,Apparel,38.68,3,0.00,116.04,0,2
ORD-00868,2025-12-16,CUST-0286,South,Mobile,Electronics,99.13,1,0.00,99.13,0,5
ORD-00869,2025-02-27,CUST-0210,Northeast,Web,Electronics,166.47,1,0.10,149.82,0,4
ORD-00870,2025-04-15,CUST-0893,South,Mobile,Home,67.57,1,0.05,64.20,0,3
ORD-00871,2025-08-19,CUST-0463,Northeast,Web,Outdoors,154.63,1,0.00,154.63,0,3
ORD-00872,2025-01-23,CUST-0597,Northeast,Mobile,Beauty,34.07,1,0.10,30.66,0,6
ORD-00873,2025-05-22,CUST-0070,Midwest,Mobile,Beauty,38.19,4,0.00,152.77,0,2
ORD-00874,2025-03-30,CUST-0014,Midwest,Store,Home,47.71,2,0.00,95.42,0,3
ORD-00875,2025-10-15,CUST-0268,Midwest,Mobile,Beauty,29.51,2,0.20,47.22,0,5
ORD-00876,2025-05-09,CUST-0791,Midwest,Store,Beauty,11.60,4,0.00,46.42,0,4
ORD-00877,2025-01-29,CUST-0197,West,Mobile,Electronics,124.89,1,0.05,118.65,0,6
ORD-00878,2025-04-10,CUST-0568,Midwest,Mobile,Electronics,111.08,2,0.10,199.95,0,5
ORD-00879,2025-07-22,CUST-0815,Midwest,Web,Electronics,191.62,3,0.30,402.40,0,3
ORD-00880,2025-07-14,CUST-0340,South,Web,Home,59.53,2,0.15,101.21,0,2
ORD-00881,2025-06-26,CUST-0702,West,Web,Apparel,18.76,3,0.30,39.39,0,4
ORD-00882,2025-10-03,CUST-0708,West,Web,Outdoors,100.86,2,0.10,181.56,0,1
ORD-00883,2025-07-03,CUST-0343,Midwest,Web,Beauty,30.40,3,0.15,77.51,0,5
ORD-00884,2025-01-21,CUST-0265,Northeast,Mobile,Electronics,176.79,1,0.15,150.27,0,6
ORD-00885,2025-11-10,CUST-0684,Midwest,Store,Apparel,55.10,1,0.20,44.08,0,1
ORD-00886,2025-01-15,CUST-0355,Northeast,Store,Outdoors,74.01,1,0.05,70.31,0,2
ORD-00887,2025-11-23,CUST-0279,West,Web,Outdoors,138.54,2,0.30,193.96,0,4
ORD-00888,2025-05-31,CUST-0079,South,Web,Home,57.53,2,0.05,109.30,0,4
ORD-00889,2025-10-01,CUST-0380,Midwest,Store,Outdoors,108.18,5,0.20,432.71,0,1
ORD-00890,2025-07-11,CUST-0117,Midwest,Web,Apparel,45.83,3,0.00,137.50,0,2
ORD-00891,2025-11-06,CUST-0047,Midwest,Web,Home,65.12,3,0.05,185.59,0,6
ORD-00892,2025-10-14,CUST-0642,Northeast,Web,Electronics,131.72,1,0.10,118.55,0,2
ORD-00893,2025-03-23,CUST-0824,South,Store,Apparel,33.27,2,0.05,63.21,0,2
ORD-00894,2025-05-07,CUST-0079,Midwest,Web,Beauty,40.54,1,0.15,34.46,0,3
ORD-00895,2025-06-30,CUST-0230,West,Web,Apparel,50.60,1,0.20,40.48,0,2
ORD-00896,2025-12-06,CUST-0840,Midwest,Web,Electronics,121.12,1,0.30,84.78,1,4
ORD-00897,2025-09-02,CUST-0602,Northeast,Web,Electronics,222.37,2,0.20,355.79,0,4
ORD-00898,2025-06-12,CUST-0879,West,Web,Apparel,76.09,1,0.30,53.26,0,6
ORD-00899,2025-01-26,CUST-0768,South,Store,Apparel,64.54,2,0.20,103.27,1,2
ORD-00900,2025-07-30,CUST-0665,West,Mobile,Electronics,167.18,1,0.15,142.11,0,4
ORD-00901,2025-12-03,CUST-0719,Midwest,Web,Outdoors,51.77,2,0.30,72.48,0,6
ORD-00902,2025-02-23,CUST-0276,West,Web,Outdoors,49.57,1,0.15,42.13,0,5
ORD-00903,2025-01-08,CUST-0587,Midwest,Store,Beauty,36.22,1,0.10,32.59,0,1
ORD-00904,2025-11-11,CUST-0684,West,Web,Electronics,174.16,1,0.30,121.91,0,3
ORD-00905,2025-07-28,CUST-0290,Midwest,Web,Apparel,33.44,2,0.00,66.87,0,6
ORD-00906,2025-06-13,CUST-0584,West,Web,Electronics,66.94,1,0.30,46.86,0,4
ORD-00907,2025-07-04,CUST-0126,South,Mobile,Beauty,38.06,1,0.20,30.45,0,4
ORD-00908,2025-11-21,CUST-0857,South,Mobile,Apparel,36.81,2,0.30,51.54,0,2
ORD-00909,2025-05-02,CUST-0459,Northeast,Mobile,Apparel,31.35,2,0.05,59.57,0,7
ORD-00910,2025-04-25,CUST-0709,South,Mobile,Home,51.55,2,0.10,92.79,0,4
ORD-00911,2025-11-09,CUST-0270,Northeast,Mobile,Outdoors,65.01,1,0.10,58.51,0,6
ORD-00912,2025-03-01,CUST-0393,South,Mobile,Outdoors,97.09,3,0.10,262.13,0,4
ORD-00913,2025-09-13,CUST-0679,Midwest,Store,Outdoors,92.75,4,0.00,370.99,0,1
ORD-00914,2025-08-31,CUST-0318,South,Store,Electronics,119.72,3,0.10,323.23,0,1
ORD-00915,2025-02-06,CUST-0673,Midwest,Web,Apparel,42.10,3,0.15,107.34,0,3
ORD-00916,2025-06-21,CUST-0592,Northeast,Web,Electronics,170.70,3,0.00,512.11,0,2
ORD-00917,2025-01-04,CUST-0208,South,Web,Apparel,41.75,4,0.10,150.30,0,1
ORD-00918,2025-12-20,CUST-0774,Midwest,Web,Electronics,122.72,2,0.05,233.17,0,5
ORD-00919,2025-08-13,CUST-0282,West,Web,Electronics,169.79,1,0.00,169.79,0,3
ORD-00920,2025-03-12,CUST-0180,Northeast,Store,Apparel,41.31,2,0.10,74.36,0,1
ORD-00921,2025-03-26,CUST-0512,West,Web,Home,71.69,3,0.20,172.05,0,3
ORD-00922,2025-05-17,CUST-0028,South,Web,Home,63.23,2,0.20,101.18,0,2
ORD-00923,2025-06-06,CUST-0732,West,Store,Beauty,32.54,3,0.30,68.34,0,3
ORD-00924,2025-01-11,CUST-0316,Northeast,Web,Electronics,209.05,3,0.20,501.72,0,3
ORD-00925,2025-01-24,CUST-0130,South,Web,Apparel,31.51,1,0.15,26.78,0,5
ORD-00926,2025-06-26,CUST-0356,West,Mobile,Apparel,48.45,1,0.15,41.19,0,6
ORD-00927,2025-06-12,CUST-0287,Midwest,Store,Home,50.98,2,0.00,101.97,0,3
ORD-00928,2025-04-09,CUST-0880,Midwest,Web,Home,43.49,2,0.00,86.98,0,1
ORD-00929,2025-12-29,CUST-0179,Midwest,Store,Outdoors,115.20,1,0.10,103.68,0,1
ORD-00930,2025-04-06,CUST-0335,West,Mobile,Electronics,177.43,2,0.15,301.64,0,6
ORD-00931,2025-12-11,CUST-0654,Midwest,Web,Apparel,25.92,1,0.10,23.33,0,6
ORD-00932,2025-11-30,CUST-0668,West,Web,Home,62.07,2,0.05,117.93,0,4
ORD-00933,2025-02-09,CUST-0561,West,Web,Home,77.71,4,0.00,310.84,0,2
ORD-00934,2025-08-06,CUST-0528,Northeast,Mobile,Home,75.40,2,0.10,135.72,0,4
ORD-00935,2025-12-04,CUST-0070,South,Store,Home,87.62,1,0.30,61.34,0,1
ORD-00936,2025-02-15,CUST-0362,Northeast,Store,Electronics,223.40,2,0.20,357.44,0,1
ORD-00937,2025-01-26,CUST-0689,West,Mobile,Beauty,18.65,1,0.00,18.65,0,1
ORD-00938,2025-03-17,CUST-0275,West,Mobile,Beauty,28.87,3,0.00,86.61,0,4
ORD-00939,2025-03-08,CUST-0832,Midwest,Web,Home,67.53,1,0.20,54.03,0,6
ORD-00940,2025-06-06,CUST-0790,South,Web,Beauty,30.13,4,0.00,120.50,0,5
ORD-00941,2025-03-21,CUST-0213,Midwest,Mobile,Beauty,32.07,1,0.20,25.65,0,6
ORD-00942,2025-11-28,CUST-0110,West,Mobile,Beauty,27.09,4,0.10,97.52,0,6
ORD-00943,2025-03-21,CUST-0566,Midwest,Store,Apparel,40.68,4,0.05,154.59,0,1
ORD-00944,2025-02-12,CUST-0330,Northeast,Web,Outdoors,86.72,2,0.15,147.42,0,6
ORD-00945,2025-11-20,CUST-0284,Northeast,Store,Outdoors,88.34,1,0.10,79.50,0,1
ORD-00946,2025-05-05,CUST-0026,West,Store,Outdoors,85.39,1,0.10,76.85,0,4
ORD-00947,2025-02-07,CUST-0870,Midwest,Store,Apparel,51.36,3,0.20,123.26,0,1
ORD-00948,2025-10-17,CUST-0699,Midwest,Web,Outdoors,65.48,1,0.00,65.48,0,7
ORD-00949,2025-11-12,CUST-0120,Midwest,Web,Outdoors,84.23,1,0.05,80.01,0,4
ORD-00950,2025-05-05,CUST-0262,West,Mobile,Electronics,203.10,1,0.15,172.64,0,2
ORD-00951,2025-05-05,CUST-0271,West,Store,Home,44.78,4,0.00,179.11,0,1
ORD-00952,2025-12-23,CUST-0102,Midwest,Mobile,Home,55.45,2,0.00,110.91,0,4
ORD-00953,2025-05-26,CUST-0853,South,Store,Outdoors,33.29,1,0.10,29.96,0,4
ORD-00954,2025-07-05,CUST-0409,Northeast,Web,Beauty,42.15,1,0.00,42.15,1,4
ORD-00955,2025-11-17,CUST-0881,South,Mobile,Beauty,31.03,4,0.00,124.11,0,4
ORD-00956,2025-05-26,CUST-0861,South,Mobile,Home,69.05,3,0.05,196.79,0,7
ORD-00957,2025-02-22,CUST-0618,Midwest,Store,Beauty,40.02,1,0.20,32.02,0,2
ORD-00958,2025-05-08,CUST-0755,Northeast,Web,Home,80.82,1,0.10,72.74,0,5
ORD-00959,2025-03-06,CUST-0361,South,Mobile,Apparel,33.46,5,0.00,167.31,0,4
ORD-00960,2025-09-28,CUST-0573,West,Mobile,Beauty,22.51,5,0.10,101.30,0,6
ORD-00961,2025-12-28,CUST-0595,West,Mobile,Electronics,75.40,3,0.10,203.59,0,2
ORD-00962,2025-05-29,CUST-0541,Midwest,Mobile,Outdoors,73.36,1,0.00,73.36,0,6
ORD-00963,2025-11-29,CUST-0597,South,Web,Outdoors,74.99,3,0.15,191.21,0,1
ORD-00964,2025-06-06,CUST-0646,Midwest,Web,Apparel,56.09,1,0.00,56.09,0,6
ORD-00965,2025-01-02,CUST-0806,Northeast,Mobile,Home,55.25,3,0.05,157.46,0,3
ORD-00966,2025-04-07,CUST-0103,West,Web,Home,21.44,2,0.30,30.01,0,7
ORD-00967,2025-08-18,CUST-0689,Midwest,Web,Apparel,60.43,3,0.10,163.16,0,3
ORD-00968,2025-06-20,CUST-0273,Midwest,Web,Apparel,46.13,2,0.00,92.26,0,3
ORD-00969,2025-05-24,CUST-0069,Midwest,Mobile,Beauty,31.41,3,0.05,89.52,0,6
ORD-00970,2025-10-09,CUST-0302,Northeast,Mobile,Beauty,18.41,1,0.00,18.41,0,3
ORD-00971,2025-02-21,CUST-0014,Midwest,Mobile,Apparel,44.41,5,0.05,210.94,0,4
ORD-00972,2025-05-24,CUST-0034,Midwest,Store,Outdoors,91.22,1,0.05,86.66,0,1
ORD-00973,2025-02-10,CUST-0177,South,Mobile,Apparel,58.14,2,0.20,93.02,1,7
ORD-00974,2025-03-05,CUST-0422,Northeast,Mobile,Outdoors,81.12,1,0.10,73.01,0,2
ORD-00975,2025-05-11,CUST-0006,Northeast,Mobile,Home,57.98,2,0.15,98.57,0,5
ORD-00976,2025-05-31,CUST-0623,West,Web,Electronics,181.86,2,0.10,327.35,1,7
ORD-00977,2025-02-20,CUST-0048,Midwest,Web,Home,62.66,1,0.00,62.66,0,4
ORD-00978,2025-09-22,CUST-0421,Northeast,Store,Electronics,138.51,2,0.15,235.47,0,2
ORD-00979,2025-02-16,CUST-0784,West,Store,Outdoors,70.30,1,0.05,66.78,0,1
ORD-00980,2025-08-14,CUST-0266,Midwest,Web,Beauty,45.48,1,0.10,40.93,0,1
ORD-00981,2025-02-16,CUST-0450,Northeast,Web,Electronics,188.28,3,0.15,480.11,0,4
ORD-00982,2025-02-21,CUST-0659,West,Web,Home,68.07,2,0.00,136.14,0,3
ORD-00983,2025-04-12,CUST-0216,Northeast,Web,Apparel,65.58,1,0.00,65.58,0,3
ORD-00984,2025-02-19,CUST-0847,South,Mobile,Beauty,26.86,3,0.05,76.55,0,9
ORD-00985,2025-09-05,CUST-0610,Northeast,Mobile,Beauty,39.49,4,0.15,134.25,0,6
ORD-00986,2025-12-14,CUST-0895,South,Store,Electronics,154.54,3,0.30,324.53,0,2
ORD-00987,2025-04-09,CUST-0501,West,Web,Outdoors,88.74,2,0.00,177.48,0,5
ORD-00988,2025-12-24,CUST-0193,West,Web,Outdoors,83.46,1,0.05,79.29,0,5
ORD-00989,2025-10-19,CUST-0832,Midwest,Mobile,Electronics,187.18,1,0.10,168.46,0,7
ORD-00990,2025-05-19,CUST-0096,West,Web,Outdoors,114.61,1,0.20,91.69,0,4
ORD-00991,2025-05-14,CUST-0736,South,Mobile,Beauty,28.52,1,0.10,25.67,0,5
ORD-00992,2025-03-20,CUST-0060,West,Web,Outdoors,100.35,1,0.10,90.32,0,6
ORD-00993,2025-08-01,CUST-0169,West,Mobile,Apparel,53.10,4,0.00,212.41,0,3
ORD-00994,2025-08-28,CUST-0127,Northeast,Web,Electronics,157.94,1,0.10,142.15,0,6
ORD-00995,2025-07-06,CUST-0379,South,Store,Apparel,45.42,3,0.10,122.63,0,4
ORD-00996,2025-04-15,CUST-0505,South,Mobile,Home,45.11,2,0.05,85.71,0,1
ORD-00997,2025-10-20,CUST-0603,South,Web,Outdoors,102.74,2,0.30,143.84,0,3
ORD-00998,2025-11-23,CUST-0284,Northeast,Web,Apparel,71.34,1,0.15,60.64,0,6
ORD-00999,2025-08-29,CUST-0834,Northeast,Web,Outdoors,56.14,3,0.10,151.58,0,4
ORD-01000,2025-12-31,CUST-0708,West,Store,Electronics,114.21,1,0.00,114.21,0,1
ORD-01001,2025-12-26,CUST-0093,West,Mobile,Apparel,28.73,2,0.10,51.71,0,5
ORD-01002,2025-07-25,CUST-0697,West,Web,Outdoors,53.29,1,0.20,42.63,0,4
ORD-01003,2025-01-02,CUST-0188,South,Mobile,Outdoors,64.22,1,0.00,64.22,0,2
ORD-01004,2025-02-14,CUST-0209,Northeast,Web,Apparel,50.48,1,0.05,47.95,0,5
ORD-01005,2025-02-09,CUST-0382,Midwest,Web,Apparel,71.12,2,0.05,135.13,0,2
ORD-01006,2025-02-09,CUST-0155,Midwest,Web,Home,80.49,2,0.00,160.99,0,4
ORD-01007,2025-04-30,CUST-0295,West,Web,Beauty,33.99,1,0.05,32.29,1,4
ORD-01008,2025-10-29,CUST-0890,Northeast,Store,Electronics,178.99,2,0.00,357.98,0,1
ORD-01009,2025-06-25,CUST-0469,West,Web,Electronics,147.53,1,0.00,147.53,0,4
ORD-01010,2025-05-12,CUST-0465,Northeast,Store,Beauty,30.96,2,0.20,49.54,0,2
ORD-01011,2025-06-25,CUST-0350,South,Web,Home,84.01,4,0.00,336.02,0,7
ORD-01012,2025-04-18,CUST-0236,South,Web,Apparel,58.76,3,0.10,158.65,0,2
ORD-01013,2025-12-17,CUST-0223,Northeast,Mobile,Beauty,32.13,1,0.15,27.31,0,5
ORD-01014,2025-01-25,CUST-0071,West,Web,Outdoors,88.05,2,0.00,176.11,0,1
ORD-01015,2025-05-15,CUST-0710,West,Web,Beauty,20.73,5,0.10,93.30,0,3
ORD-01016,2025-02-07,CUST-0196,Midwest,Mobile,Beauty,35.84,2,0.00,71.68,0,8
ORD-01017,2025-05-19,CUST-0216,Midwest,Web,Beauty,32.60,2,0.10,58.68,0,5
ORD-01018,2025-04-22,CUST-0083,Northeast,Mobile,Apparel,35.66,1,0.10,32.09,1,3
ORD-01019,2025-11-07,CUST-0039,Midwest,Web,Outdoors,56.82,2,0.05,107.95,0,3
ORD-01020,2025-10-10,CUST-0889,South,Web,Home,55.90,1,0.15,47.52,0,4
ORD-01021,2025-10-26,CUST-0216,Midwest,Web,Home,33.35,3,0.20,80.05,1,5
ORD-01022,2025-10-06,CUST-0215,West,Store,Electronics,106.12,1,0.10,95.51,1,4
ORD-01023,2025-05-10,CUST-0751,Midwest,Store,Home,55.69,1,0.15,47.33,0,2
ORD-01024,2025-11-11,CUST-0446,South,Store,Home,21.30,2,0.10,38.33,0,4
ORD-01025,2025-12-25,CUST-0282,Midwest,Store,Outdoors,62.42,1,0.15,53.06,0,1
ORD-01026,2025-12-06,CUST-0584,Midwest,Web,Outdoors,100.86,1,0.15,85.73,0,4
ORD-01027,2025-12-17,CUST-0125,Midwest,Web,Home,54.95,1,0.15,46.71,0,2
ORD-01028,2025-11-24,CUST-0644,Midwest,Mobile,Electronics,178.18,5,0.00,890.92,0,3
ORD-01029,2025-08-16,CUST-0113,Northeast,Web,Home,28.33,1,0.10,25.49,0,6
ORD-01030,2025-01-22,CUST-0570,Midwest,Mobile,Beauty,26.86,1,0.00,26.86,1,3
ORD-01031,2025-03-15,CUST-0891,South,Web,Apparel,61.25,1,0.10,55.12,0,3
ORD-01032,2025-07-28,CUST-0332,Midwest,Mobile,Electronics,139.94,3,0.10,377.84,0,5
ORD-01033,2025-11-23,CUST-0498,Northeast,Web,Apparel,19.39,1,0.00,19.39,0,4
ORD-01034,2025-07-25,CUST-0856,West,Web,Electronics,109.59,1,0.10,98.63,0,4
ORD-01035,2025-07-30,CUST-0195,Northeast,Store,Outdoors,88.94,3,0.00,266.81,0,2
ORD-01036,2025-05-25,CUST-0649,South,Mobile,Beauty,52.12,2,0.05,99.03,0,3
ORD-01037,2025-05-12,CUST-0691,South,Store,Electronics,178.18,3,0.10,481.09,0,1
ORD-01038,2025-05-02,CUST-0523,West,Store,Outdoors,59.11,1,0.10,53.20,0,1
ORD-01039,2025-04-17,CUST-0484,Midwest,Store,Outdoors,77.31,4,0.10,278.32,0,6
ORD-01040,2025-11-03,CUST-0677,Northeast,Store,Apparel,41.88,1,0.15,35.60,0,1
ORD-01041,2025-11-01,CUST-0650,South,Mobile,Beauty,43.89,1,0.05,41.69,0,6
ORD-01042,2025-02-04,CUST-0734,West,Store,Apparel,37.64,1,0.10,33.88,0,5
ORD-01043,2025-07-21,CUST-0533,South,Store,Outdoors,82.64,1,0.00,82.64,0,4
ORD-01044,2025-11-10,CUST-0272,Midwest,Store,Apparel,30.42,1,0.10,27.38,0,3
ORD-01045,2025-09-04,CUST-0344,Midwest,Web,Beauty,32.17,4,0.00,128.69,0,5
ORD-01046,2025-01-25,CUST-0405,West,Web,Beauty,29.75,4,0.00,119.02,0,4
ORD-01047,2025-03-30,CUST-0574,West,Web,Electronics,127.61,2,0.10,229.70,0,5
ORD-01048,2025-07-10,CUST-0140,South,Mobile,Outdoors,62.80,1,0.10,56.52,0,4
ORD-01049,2025-01-14,CUST-0397,Midwest,Mobile,Outdoors,61.16,4,0.20,195.70,0,2
ORD-01050,2025-09-09,CUST-0428,Northeast,Mobile,Home,49.09,2,0.05,93.27,0,1
ORD-01051,2025-06-12,CUST-0183,West,Mobile,Apparel,31.83,1,0.05,30.24,0,6
ORD-01052,2025-07-01,CUST-0791,Midwest,Mobile,Outdoors,89.23,2,0.00,178.45,0,4
ORD-01053,2025-12-03,CUST-0259,Northeast,Web,Electronics,133.91,2,0.15,227.64,0,5
ORD-01054,2025-02-01,CUST-0887,Midwest,Store,Electronics,71.93,2,0.10,129.48,1,1
ORD-01055,2025-12-15,CUST-0012,South,Mobile,Home,78.65,4,0.10,283.15,0,5
ORD-01056,2025-11-28,CUST-0540,Northeast,Mobile,Beauty,22.82,2,0.20,36.51,1,3
ORD-01057,2025-02-22,CUST-0180,South,Mobile,Beauty,27.70,1,0.15,23.55,0,4
ORD-01058,2025-12-21,CUST-0124,Midwest,Mobile,Outdoors,89.15,1,0.00,89.15,0,5
ORD-01059,2025-04-09,CUST-0449,West,Mobile,Beauty,31.00,1,0.05,29.45,1,7
ORD-01060,2025-11-21,CUST-0316,Northeast,Web,Beauty,28.46,1,0.10,25.61,0,2
ORD-01061,2025-07-28,CUST-0567,Northeast,Web,Beauty,38.54,2,0.00,77.08,0,3
ORD-01062,2025-05-18,CUST-0382,West,Mobile,Beauty,39.76,2,0.05,75.54,0,8
ORD-01063,2025-10-09,CUST-0395,West,Web,Apparel,73.18,1,0.20,58.55,0,4
ORD-01064,2025-03-07,CUST-0701,Midwest,Mobile,Beauty,30.29,2,0.00,60.59,0,4
ORD-01065,2025-04-10,CUST-0544,Northeast,Web,Beauty,31.56,1,0.20,25.25,0,2
ORD-01066,2025-12-09,CUST-0833,Northeast,Mobile,Apparel,50.02,1,0.00,50.02,1,4
ORD-01067,2025-08-06,CUST-0459,Midwest,Mobile,Apparel,46.01,3,0.20,110.42,1,2
ORD-01068,2025-10-02,CUST-0307,Northeast,Mobile,Apparel,51.79,3,0.10,139.82,0,5
ORD-01069,2025-11-24,CUST-0256,South,Mobile,Home,64.98,3,0.00,194.95,1,2
ORD-01070,2025-11-08,CUST-0609,Northeast,Mobile,Outdoors,72.66,1,0.15,61.76,1,4
ORD-01071,2025-11-04,CUST-0218,South,Mobile,Electronics,151.27,1,0.20,121.02,0,8
ORD-01072,2025-04-24,CUST-0592,Northeast,Mobile,Beauty,23.61,1,0.10,21.24,0,2
ORD-01073,2025-03-19,CUST-0122,West,Mobile,Apparel,53.93,1,0.10,48.53,0,3
ORD-01074,2025-08-22,CUST-0084,West,Mobile,Beauty,26.57,4,0.20,85.03,1,6
ORD-01075,2025-06-27,CUST-0267,West,Web,Home,60.86,4,0.00,243.45,0,5
ORD-01076,2025-01-31,CUST-0755,Midwest,Web,Outdoors,80.47,3,0.10,217.26,0,6
ORD-01077,2025-02-21,CUST-0018,West,Mobile,Beauty,24.81,1,0.10,22.33,0,1
ORD-01078,2025-04-26,CUST-0087,South,Store,Outdoors,104.55,1,0.10,94.10,0,2
ORD-01079,2025-10-03,CUST-0198,West,Web,Beauty,36.51,1,0.15,31.03,0,4
ORD-01080,2025-11-20,CUST-0212,Midwest,Web,Electronics,85.54,4,0.00,342.15,0,5
ORD-01081,2025-04-20,CUST-0722,West,Web,Electronics,125.47,1,0.00,125.47,0,5
ORD-01082,2025-12-26,CUST-0103,South,Store,Home,40.43,1,0.30,28.30,0,2
ORD-01083,2025-10-28,CUST-0040,Northeast,Web,Home,36.62,4,0.15,124.52,0,5
ORD-01084,2025-04-04,CUST-0338,West,Mobile,Outdoors,78.42,3,0.10,211.74,0,3
ORD-01085,2025-05-09,CUST-0028,South,Store,Apparel,36.51,2,0.10,65.73,0,2
ORD-01086,2025-04-27,CUST-0335,Midwest,Mobile,Home,63.92,1,0.05,60.72,0,6
ORD-01087,2025-08-17,CUST-0404,Northeast,Mobile,Beauty,32.65,1,0.15,27.75,0,6
ORD-01088,2025-08-24,CUST-0700,South,Web,Beauty,18.60,1,0.05,17.67,0,2
ORD-01089,2025-07-21,CUST-0168,South,Store,Electronics,125.85,2,0.15,213.94,0,4
ORD-01090,2025-08-25,CUST-0235,West,Web,Outdoors,97.80,1,0.05,92.91,0,5
ORD-01091,2025-05-27,CUST-0358,Northeast,Store,Outdoors,30.91,1,0.10,27.81,0,1
ORD-01092,2025-02-02,CUST-0233,West,Mobile,Electronics,166.39,3,0.00,499.18,0,3
ORD-01093,2025-08-14,CUST-0267,West,Web,Home,90.02,3,0.20,216.04,0,4
ORD-01094,2025-04-07,CUST-0885,Midwest,Web,Apparel,37.42,3,0.15,95.42,0,5
ORD-01095,2025-11-16,CUST-0669,West,Mobile,Home,89.74,2,0.00,179.49,0,8
ORD-01096,2025-11-07,CUST-0256,Midwest,Web,Electronics,147.19,2,0.00,294.38,0,3
ORD-01097,2025-12-02,CUST-0074,South,Store,Electronics,112.78,1,0.10,101.51,0,2
ORD-01098,2025-11-17,CUST-0432,Northeast,Store,Apparel,23.80,1,0.20,19.04,0,4
ORD-01099,2025-03-30,CUST-0764,Midwest,Web,Apparel,55.57,4,0.00,222.27,0,1
ORD-01100,2025-08-18,CUST-0452,Northeast,Mobile,Home,50.88,4,0.10,183.18,0,3
ORD-01101,2025-09-10,CUST-0062,Northeast,Store,Electronics,169.84,2,0.05,322.70,0,1
ORD-01102,2025-07-06,CUST-0033,West,Web,Home,62.33,1,0.10,56.09,0,4
ORD-01103,2025-10-09,CUST-0862,West,Web,Beauty,28.66,2,0.10,51.60,1,7
ORD-01104,2025-08-27,CUST-0722,West,Store,Apparel,55.95,1,0.05,53.16,0,1
ORD-01105,2025-04-28,CUST-0167,West,Web,Home,55.88,1,0.10,50.29,0,1
ORD-01106,2025-11-04,CUST-0613,South,Web,Apparel,56.79,3,0.00,170.37,0,6
ORD-01107,2025-03-13,CUST-0709,West,Mobile,Apparel,38.98,1,0.00,38.98,0,4
ORD-01108,2025-06-24,CUST-0433,Northeast,Web,Home,42.23,1,0.00,42.23,0,5
ORD-01109,2025-01-07,CUST-0188,Northeast,Mobile,Beauty,49.01,2,0.00,98.01,0,6
ORD-01110,2025-09-06,CUST-0415,Northeast,Store,Electronics,181.09,4,0.05,688.14,0,2
ORD-01111,2025-05-16,CUST-0157,South,Web,Apparel,31.63,1,0.00,31.63,0,4
ORD-01112,2025-11-13,CUST-0242,West,Store,Electronics,125.03,4,0.00,500.13,0,2
ORD-01113,2025-09-06,CUST-0054,Midwest,Mobile,Outdoors,124.92,1,0.15,106.18,0,6
ORD-01114,2025-04-04,CUST-0225,Midwest,Store,Home,54.45,3,0.15,138.84,0,1
ORD-01115,2025-08-24,CUST-0721,South,Web,Outdoors,95.18,1,0.10,85.66,0,3
ORD-01116,2025-05-27,CUST-0480,South,Web,Electronics,202.97,2,0.10,365.35,0,6
ORD-01117,2025-02-14,CUST-0023,South,Web,Electronics,121.40,1,0.20,97.12,0,5
ORD-01118,2025-03-21,CUST-0406,Northeast,Web,Electronics,140.25,2,0.15,238.42,1,3
ORD-01119,2025-08-24,CUST-0435,South,Store,Home,32.30,1,0.30,22.61,0,2
ORD-01120,2025-10-10,CUST-0737,West,Web,Outdoors,99.61,5,0.15,423.36,0,5
ORD-01121,2025-05-11,CUST-0578,Northeast,Web,Beauty,34.69,1,0.15,29.49,0,3
ORD-01122,2025-12-22,CUST-0388,Midwest,Store,Electronics,131.57,5,0.05,624.97,0,1
ORD-01123,2025-01-27,CUST-0422,South,Mobile,Electronics,210.41,1,0.30,147.29,0,1
ORD-01124,2025-01-31,CUST-0605,Northeast,Web,Outdoors,115.61,1,0.20,92.49,0,5
ORD-01125,2025-08-05,CUST-0510,Midwest,Web,Electronics,180.82,5,0.00,904.11,0,3
ORD-01126,2025-08-09,CUST-0585,West,Mobile,Outdoors,90.93,1,0.00,90.93,0,5
ORD-01127,2025-09-21,CUST-0331,West,Mobile,Beauty,14.95,1,0.00,14.95,0,3
ORD-01128,2025-11-15,CUST-0876,Northeast,Store,Apparel,23.21,5,0.20,92.84,0,1
ORD-01129,2025-07-14,CUST-0003,South,Store,Electronics,192.69,4,0.20,616.62,0,1
ORD-01130,2025-12-01,CUST-0266,West,Mobile,Outdoors,112.29,1,0.20,89.83,1,4
ORD-01131,2025-01-25,CUST-0232,Midwest,Store,Apparel,38.61,1,0.15,32.82,0,3
ORD-01132,2025-07-07,CUST-0735,Midwest,Mobile,Electronics,153.16,1,0.20,122.52,0,1
ORD-01133,2025-04-25,CUST-0895,Northeast,Web,Apparel,20.75,2,0.10,37.34,0,7
ORD-01134,2025-06-30,CUST-0333,South,Web,Home,53.84,1,0.10,48.46,0,6
ORD-01135,2025-03-22,CUST-0149,Midwest,Store,Beauty,34.21,2,0.15,58.16,0,1
ORD-01136,2025-02-07,CUST-0663,Northeast,Mobile,Home,74.88,1,0.10,67.39,0,2
ORD-01137,2025-03-26,CUST-0590,West,Mobile,Home,36.36,1,0.00,36.36,0,6
ORD-01138,2025-11-26,CUST-0761,West,Web,Apparel,50.46,1,0.20,40.37,0,4
ORD-01139,2025-01-26,CUST-0529,Midwest,Mobile,Home,45.69,1,0.00,45.69,0,6
ORD-01140,2025-10-26,CUST-0142,West,Web,Home,76.92,1,0.05,73.08,0,6
ORD-01141,2025-11-07,CUST-0392,West,Web,Apparel,44.50,1,0.20,35.60,1,2
ORD-01142,2025-09-10,CUST-0675,South,Mobile,Apparel,39.83,1,0.15,33.86,0,3
ORD-01143,2025-08-03,CUST-0103,Midwest,Mobile,Electronics,167.59,4,0.00,670.34,0,3
ORD-01144,2025-04-06,CUST-0714,Northeast,Web,Electronics,31.48,2,0.00,62.96,0,5
ORD-01145,2025-05-08,CUST-0257,Northeast,Web,Home,67.03,1,0.20,53.63,0,1
ORD-01146,2025-03-05,CUST-0738,West,Web,Outdoors,75.94,2,0.30,106.32,0,4
ORD-01147,2025-10-16,CUST-0231,West,Web,Outdoors,70.64,2,0.10,127.15,0,2
ORD-01148,2025-11-02,CUST-0071,Northeast,Web,Outdoors,119.35,2,0.10,214.82,0,3
ORD-01149,2025-12-12,CUST-0305,West,Web,Beauty,20.58,2,0.00,41.16,0,6
ORD-01150,2025-02-05,CUST-0063,Midwest,Web,Apparel,42.76,5,0.15,181.73,0,2
ORD-01151,2025-12-03,CUST-0061,West,Web,Beauty,18.43,1,0.00,18.43,0,6
ORD-01152,2025-11-17,CUST-0218,South,Web,Outdoors,95.02,4,0.05,361.08,0,5
ORD-01153,2025-03-25,CUST-0872,South,Web,Home,82.28,5,0.10,370.26,0,3
ORD-01154,2025-02-05,CUST-0633,Midwest,Mobile,Beauty,29.94,1,0.00,29.94,0,5
ORD-01155,2025-10-24,CUST-0336,South,Store,Beauty,24.31,4,0.00,97.24,0,1
ORD-01156,2025-07-05,CUST-0091,Midwest,Web,Outdoors,53.22,1,0.00,53.22,0,3
ORD-01157,2025-05-19,CUST-0357,Northeast,Mobile,Electronics,169.69,1,0.15,144.23,0,6
ORD-01158,2025-01-20,CUST-0488,South,Store,Home,72.20,1,0.00,72.20,0,3
ORD-01159,2025-04-10,CUST-0312,Northeast,Web,Home,80.73,3,0.05,230.07,0,5
ORD-01160,2025-12-16,CUST-0226,South,Mobile,Home,74.19,2,0.10,133.55,0,4
ORD-01161,2025-02-17,CUST-0832,Midwest,Mobile,Electronics,190.27,1,0.00,190.27,0,7
ORD-01162,2025-11-22,CUST-0668,South,Web,Beauty,44.14,2,0.15,75.04,0,4
ORD-01163,2025-06-25,CUST-0027,South,Web,Beauty,33.11,1,0.15,28.14,0,3
ORD-01164,2025-01-14,CUST-0720,Northeast,Mobile,Beauty,22.36,1,0.15,19.00,0,6
ORD-01165,2025-07-03,CUST-0804,South,Mobile,Electronics,135.22,1,0.00,135.22,0,2
ORD-01166,2025-02-28,CUST-0729,Midwest,Mobile,Apparel,28.35,1,0.15,24.10,1,3
ORD-01167,2025-08-26,CUST-0818,Northeast,Mobile,Beauty,23.08,5,0.10,103.86,0,6
ORD-01168,2025-06-26,CUST-0777,South,Web,Apparel,57.19,5,0.20,228.78,0,5
ORD-01169,2025-04-07,CUST-0094,Midwest,Mobile,Beauty,27.59,1,0.20,22.07,1,3
ORD-01170,2025-08-19,CUST-0856,Northeast,Store,Apparel,52.49,2,0.05,99.73,0,1
ORD-01171,2025-10-20,CUST-0441,Northeast,Web,Home,66.56,3,0.05,189.69,0,6
ORD-01172,2025-12-21,CUST-0150,Northeast,Mobile,Outdoors,99.38,3,0.15,253.41,0,3
ORD-01173,2025-01-25,CUST-0434,West,Store,Apparel,59.02,5,0.00,295.11,0,3
ORD-01174,2025-10-22,CUST-0069,West,Web,Apparel,52.52,1,0.10,47.26,0,5
ORD-01175,2025-08-01,CUST-0693,Northeast,Web,Beauty,41.67,1,0.00,41.67,0,7
ORD-01176,2025-11-02,CUST-0062,Northeast,Web,Outdoors,69.65,1,0.10,62.68,0,4
ORD-01177,2025-07-13,CUST-0553,Midwest,Web,Beauty,46.60,1,0.00,46.60,0,4
ORD-01178,2025-10-30,CUST-0249,West,Mobile,Apparel,46.86,1,0.20,37.48,0,3
ORD-01179,2025-05-06,CUST-0544,Northeast,Store,Home,51.64,4,0.05,196.24,0,1
ORD-01180,2025-11-04,CUST-0283,West,Mobile,Outdoors,108.37,2,0.20,173.39,0,4
ORD-01181,2025-06-15,CUST-0523,Northeast,Mobile,Electronics,137.27,2,0.00,274.54,1,8
ORD-01182,2025-12-31,CUST-0039,South,Mobile,Beauty,21.04,5,0.10,94.67,0,6
ORD-01183,2025-02-16,CUST-0752,Midwest,Store,Apparel,29.88,1,0.05,28.39,0,1
ORD-01184,2025-06-14,CUST-0077,West,Mobile,Outdoors,79.50,2,0.00,159.00,0,6
ORD-01185,2025-10-29,CUST-0471,Northeast,Web,Apparel,46.17,1,0.15,39.25,1,4
ORD-01186,2025-01-21,CUST-0009,Midwest,Web,Apparel,53.17,1,0.20,42.53,0,5
ORD-01187,2025-10-21,CUST-0114,South,Store,Apparel,43.38,3,0.10,117.12,0,1
ORD-01188,2025-06-27,CUST-0325,Northeast,Mobile,Home,75.51,1,0.05,71.74,0,6
ORD-01189,2025-02-28,CUST-0503,South,Web,Beauty,28.24,3,0.10,76.26,0,2
ORD-01190,2025-12-11,CUST-0575,Midwest,Mobile,Outdoors,90.75,2,0.10,163.35,0,4
ORD-01191,2025-03-11,CUST-0593,Midwest,Store,Outdoors,71.61,2,0.00,143.23,0,1
ORD-01192,2025-01-11,CUST-0121,South,Mobile,Home,47.93,1,0.05,45.53,0,5
ORD-01193,2025-06-07,CUST-0527,Northeast,Web,Home,59.99,1,0.05,56.99,0,4
ORD-01194,2025-02-06,CUST-0398,Midwest,Web,Home,22.59,3,0.20,54.21,1,3
ORD-01195,2025-11-03,CUST-0093,Midwest,Mobile,Home,72.88,1,0.15,61.94,0,3
ORD-01196,2025-04-01,CUST-0394,West,Web,Home,48.86,3,0.15,124.60,0,5
ORD-01197,2025-01-21,CUST-0534,West,Mobile,Outdoors,65.83,2,0.20,105.33,1,5
ORD-01198,2025-03-26,CUST-0753,Midwest,Mobile,Apparel,31.25,3,0.00,93.75,1,5
ORD-01199,2025-10-30,CUST-0314,West,Web,Home,50.67,1,0.00,50.67,0,3
ORD-01200,2025-01-28,CUST-0767,Midwest,Store,Beauty,39.61,5,0.00,198.07,0,2
ORD-01201,2025-12-15,CUST-0126,Northeast,Mobile,Apparel,44.03,4,0.05,167.32,0,5
ORD-01202,2025-10-06,CUST-0888,Midwest,Mobile,Outdoors,68.53,2,0.00,137.05,0,4
ORD-01203,2025-09-24,CUST-0512,South,Store,Beauty,41.19,1,0.05,39.13,0,2
ORD-01204,2025-10-22,CUST-0333,West,Web,Home,82.47,2,0.10,148.44,0,5
ORD-01205,2025-01-25,CUST-0585,Midwest,Web,Apparel,29.47,3,0.00,88.42,0,6
ORD-01206,2025-07-06,CUST-0320,South,Web,Beauty,36.37,2,0.00,72.75,0,3
ORD-01207,2025-09-09,CUST-0294,Northeast,Web,Beauty,44.68,3,0.10,120.63,0,4
ORD-01208,2025-12-01,CUST-0344,Northeast,Store,Apparel,29.65,2,0.00,59.30,1,3
ORD-01209,2025-06-21,CUST-0198,South,Mobile,Outdoors,74.59,3,0.20,179.02,0,4
ORD-01210,2025-06-24,CUST-0557,Northeast,Store,Apparel,69.38,2,0.05,131.82,0,4
ORD-01211,2025-09-12,CUST-0435,West,Mobile,Beauty,36.68,1,0.00,36.68,0,5
ORD-01212,2025-08-15,CUST-0077,West,Web,Beauty,27.89,1,0.00,27.89,1,4
ORD-01213,2025-01-18,CUST-0585,South,Web,Home,31.96,2,0.00,63.91,1,4
ORD-01214,2025-06-01,CUST-0376,Northeast,Mobile,Outdoors,93.16,1,0.00,93.16,0,7
ORD-01215,2025-08-28,CUST-0892,West,Store,Beauty,29.66,1,0.10,26.69,0,2
ORD-01216,2025-08-14,CUST-0798,West,Mobile,Beauty,41.32,1,0.00,41.32,0,3
ORD-01217,2025-08-15,CUST-0312,Midwest,Store,Outdoors,95.39,3,0.10,257.56,0,1
ORD-01218,2025-07-23,CUST-0607,Northeast,Mobile,Beauty,21.16,2,0.00,42.33,0,3
ORD-01219,2025-11-05,CUST-0877,Midwest,Web,Home,70.68,2,0.00,141.36,0,5
ORD-01220,2025-05-13,CUST-0511,South,Store,Outdoors,89.69,1,0.20,71.75,0,2
ORD-01221,2025-03-20,CUST-0321,Midwest,Web,Electronics,157.92,2,0.10,284.26,0,7
ORD-01222,2025-09-19,CUST-0845,Northeast,Web,Beauty,19.79,1,0.10,17.81,0,5
ORD-01223,2025-02-27,CUST-0637,South,Web,Electronics,184.25,2,0.05,350.07,0,7
ORD-01224,2025-06-17,CUST-0624,Northeast,Web,Home,44.96,1,0.10,40.46,0,1
ORD-01225,2025-07-26,CUST-0469,South,Web,Apparel,28.96,3,0.00,86.89,0,6
ORD-01226,2025-04-11,CUST-0399,West,Mobile,Electronics,123.02,1,0.00,123.02,0,2
ORD-01227,2025-05-20,CUST-0754,Northeast,Store,Home,35.46,3,0.05,101.05,0,2
ORD-01228,2025-02-10,CUST-0413,South,Mobile,Apparel,54.43,3,0.10,146.96,0,5
ORD-01229,2025-11-15,CUST-0269,West,Web,Home,58.16,4,0.10,209.39,0,5
ORD-01230,2025-09-01,CUST-0308,South,Mobile,Outdoors,91.09,1,0.15,77.43,0,6
ORD-01231,2025-04-26,CUST-0331,Northeast,Web,Outdoors,111.80,4,0.15,380.10,0,1
ORD-01232,2025-11-19,CUST-0787,Northeast,Mobile,Apparel,39.03,2,0.10,70.25,0,3
ORD-01233,2025-01-30,CUST-0894,West,Mobile,Apparel,51.06,2,0.00,102.11,0,3
ORD-01234,2025-10-25,CUST-0580,South,Web,Home,59.16,1,0.00,59.16,0,6
ORD-01235,2025-12-26,CUST-0309,Midwest,Mobile,Beauty,19.73,5,0.05,93.70,0,5
ORD-01236,2025-05-23,CUST-0573,Northeast,Mobile,Apparel,44.64,1,0.10,40.18,0,2
ORD-01237,2025-03-17,CUST-0866,Midwest,Store,Apparel,43.64,1,0.00,43.64,0,3
ORD-01238,2025-07-03,CUST-0483,Northeast,Store,Outdoors,88.79,4,0.10,319.63,1,5
ORD-01239,2025-07-18,CUST-0316,Northeast,Mobile,Electronics,99.07,2,0.05,188.24,0,4
ORD-01240,2025-03-06,CUST-0214,South,Store,Beauty,22.91,1,0.00,22.91,0,5
ORD-01241,2025-11-02,CUST-0245,Midwest,Store,Home,60.09,4,0.05,228.34,0,1
ORD-01242,2025-05-11,CUST-0827,Midwest,Store,Electronics,73.10,1,0.20,58.48,0,1
ORD-01243,2025-07-07,CUST-0087,Northeast,Store,Outdoors,72.23,1,0.00,72.23,0,2
ORD-01244,2025-04-07,CUST-0879,Northeast,Mobile,Electronics,169.18,3,0.00,507.54,0,5
ORD-01245,2025-09-20,CUST-0648,Midwest,Mobile,Apparel,59.00,5,0.20,236.00,0,5
ORD-01246,2025-07-08,CUST-0318,South,Web,Beauty,30.99,1,0.00,30.99,0,4
ORD-01247,2025-02-22,CUST-0573,West,Web,Home,59.34,1,0.00,59.34,0,2
ORD-01248,2025-10-02,CUST-0252,South,Web,Beauty,31.27,2,0.20,50.03,0,6
ORD-01249,2025-07-18,CUST-0621,West,Store,Home,51.11,2,0.20,81.78,0,4
ORD-01250,2025-06-01,CUST-0885,Midwest,Mobile,Outdoors,93.87,1,0.10,84.48,1,5
ORD-01251,2025-07-12,CUST-0634,Northeast,Web,Apparel,39.56,1,0.00,39.56,0,4
ORD-01252,2025-03-10,CUST-0254,Northeast,Web,Beauty,47.78,1,0.00,47.78,0,1
ORD-01253,2025-06-05,CUST-0654,South,Web,Home,64.07,2,0.00,128.15,0,3
ORD-01254,2025-03-10,CUST-0766,Midwest,Mobile,Electronics,147.48,1,0.00,147.48,0,5
ORD-01255,2025-12-09,CUST-0459,Northeast,Store,Beauty,49.96,3,0.30,104.91,1,1
ORD-01256,2025-10-23,CUST-0350,West,Mobile,Electronics,159.65,1,0.15,135.70,0,4
ORD-01257,2025-06-22,CUST-0810,South,Mobile,Electronics,95.54,1,0.05,90.76,0,8
ORD-01258,2025-03-14,CUST-0167,West,Store,Home,82.79,1,0.05,78.65,0,4
ORD-01259,2025-08-14,CUST-0842,West,Mobile,Beauty,23.06,2,0.10,41.51,0,4
ORD-01260,2025-12-08,CUST-0136,Northeast,Mobile,Home,35.78,1,0.05,33.99,0,3
ORD-01261,2025-08-04,CUST-0463,Northeast,Mobile,Home,73.11,3,0.00,219.33,0,5
ORD-01262,2025-03-20,CUST-0102,West,Mobile,Outdoors,80.85,2,0.10,145.54,0,7
ORD-01263,2025-03-14,CUST-0646,Midwest,Store,Outdoors,119.58,2,0.00,239.17,1,1
ORD-01264,2025-03-19,CUST-0193,Northeast,Mobile,Outdoors,97.74,1,0.15,83.08,0,3
ORD-01265,2025-02-13,CUST-0309,West,Mobile,Beauty,21.69,1,0.30,15.19,1,3
ORD-01266,2025-04-20,CUST-0016,Midwest,Store,Electronics,113.44,2,0.15,192.86,0,1
ORD-01267,2025-07-04,CUST-0763,Midwest,Mobile,Apparel,32.72,2,0.20,52.35,0,4
ORD-01268,2025-10-16,CUST-0225,West,Mobile,Home,39.71,1,0.15,33.75,0,3
ORD-01269,2025-12-11,CUST-0639,Northeast,Mobile,Home,68.90,1,0.20,55.12,0,4
ORD-01270,2025-04-07,CUST-0238,South,Web,Home,62.35,5,0.10,280.59,0,4
ORD-01271,2025-11-11,CUST-0025,South,Web,Beauty,20.19,1,0.15,17.16,0,5
ORD-01272,2025-11-20,CUST-0403,West,Store,Beauty,29.15,1,0.20,23.32,1,4
ORD-01273,2025-05-10,CUST-0255,Midwest,Web,Outdoors,66.80,3,0.10,180.37,0,5
ORD-01274,2025-05-07,CUST-0639,South,Web,Home,87.51,1,0.10,78.76,0,4
ORD-01275,2025-08-23,CUST-0793,Northeast,Mobile,Home,37.13,1,0.20,29.71,1,5
ORD-01276,2025-06-25,CUST-0520,Midwest,Store,Outdoors,89.97,1,0.30,62.98,0,5
ORD-01277,2025-11-17,CUST-0822,Midwest,Store,Beauty,36.72,3,0.15,93.65,0,4
ORD-01278,2025-03-04,CUST-0403,West,Store,Beauty,42.19,2,0.00,84.38,0,1
ORD-01279,2025-10-13,CUST-0316,South,Web,Electronics,141.51,5,0.30,495.28,0,3
ORD-01280,2025-08-02,CUST-0888,West,Mobile,Beauty,23.01,1,0.10,20.71,0,5
ORD-01281,2025-05-16,CUST-0100,West,Mobile,Electronics,127.01,1,0.05,120.66,0,2
ORD-01282,2025-01-18,CUST-0358,South,Web,Outdoors,60.32,1,0.00,60.32,0,7
ORD-01283,2025-10-14,CUST-0279,South,Store,Home,100.50,1,0.15,85.43,0,1
ORD-01284,2025-10-01,CUST-0699,Northeast,Web,Beauty,39.44,1,0.05,37.46,0,6
ORD-01285,2025-04-19,CUST-0704,Midwest,Mobile,Apparel,50.69,3,0.05,144.46,0,2
ORD-01286,2025-02-18,CUST-0829,South,Mobile,Home,57.21,1,0.15,48.63,0,2
ORD-01287,2025-01-30,CUST-0571,South,Web,Outdoors,108.40,2,0.20,173.44,0,2
ORD-01288,2025-08-16,CUST-0884,Midwest,Web,Electronics,104.07,1,0.00,104.07,0,2
ORD-01289,2025-01-30,CUST-0115,Midwest,Web,Beauty,24.29,2,0.15,41.29,1,1
ORD-01290,2025-12-22,CUST-0632,Midwest,Web,Outdoors,69.63,5,0.15,295.95,1,5
ORD-01291,2025-08-21,CUST-0625,Midwest,Web,Beauty,48.78,2,0.00,97.56,0,2
ORD-01292,2025-01-19,CUST-0874,South,Store,Apparel,22.50,2,0.05,42.75,0,2
ORD-01293,2025-09-15,CUST-0016,South,Web,Apparel,44.80,1,0.10,40.32,0,3
ORD-01294,2025-12-21,CUST-0804,Northeast,Mobile,Beauty,37.11,2,0.00,74.22,0,4
ORD-01295,2025-03-16,CUST-0004,West,Store,Outdoors,49.38,1,0.00,49.38,0,1
ORD-01296,2025-04-15,CUST-0800,South,Web,Outdoors,85.11,2,0.00,170.22,0,4
ORD-01297,2025-11-11,CUST-0231,Northeast,Web,Home,64.69,2,0.05,122.91,0,4
ORD-01298,2025-11-02,CUST-0532,West,Web,Electronics,113.89,2,0.15,193.61,1,3
ORD-01299,2025-01-03,CUST-0622,South,Store,Electronics,86.99,1,0.00,86.99,0,4
ORD-01300,2025-07-18,CUST-0023,South,Mobile,Beauty,50.50,2,0.20,80.80,0,4
ORD-01301,2025-09-17,CUST-0704,Midwest,Mobile,Outdoors,48.50,1,0.00,48.50,0,1
ORD-01302,2025-12-07,CUST-0346,South,Web,Outdoors,48.78,2,0.20,78.05,0,6
ORD-01303,2025-10-10,CUST-0537,West,Mobile,Home,44.94,1,0.10,40.45,0,6
ORD-01304,2025-04-09,CUST-0568,Midwest,Web,Beauty,29.86,1,0.00,29.86,0,3
ORD-01305,2025-12-08,CUST-0351,West,Store,Apparel,23.77,3,0.30,49.92,1,1
ORD-01306,2025-08-02,CUST-0141,West,Web,Outdoors,63.59,2,0.15,108.11,0,4
ORD-01307,2025-06-06,CUST-0249,Northeast,Web,Electronics,138.67,1,0.30,97.07,0,5
ORD-01308,2025-02-14,CUST-0083,Midwest,Mobile,Apparel,40.89,1,0.00,40.89,0,5
ORD-01309,2025-03-09,CUST-0144,Midwest,Store,Electronics,137.71,5,0.10,619.69,0,1
ORD-01310,2025-07-16,CUST-0536,West,Web,Apparel,65.48,1,0.00,65.48,1,4
ORD-01311,2025-04-05,CUST-0878,South,Web,Home,80.95,3,0.10,218.56,1,7
ORD-01312,2025-07-14,CUST-0889,West,Web,Beauty,35.44,1,0.05,33.67,0,5
ORD-01313,2025-11-15,CUST-0471,Northeast,Store,Beauty,39.38,3,0.10,106.32,0,1
ORD-01314,2025-11-14,CUST-0388,West,Mobile,Apparel,47.75,1,0.10,42.98,1,5
ORD-01315,2025-04-13,CUST-0871,Northeast,Web,Electronics,168.74,1,0.10,151.87,0,6
ORD-01316,2025-03-10,CUST-0462,Northeast,Store,Outdoors,76.42,1,0.05,72.60,0,1
ORD-01317,2025-02-28,CUST-0751,Northeast,Web,Outdoors,123.01,1,0.10,110.71,0,3
ORD-01318,2025-07-23,CUST-0686,Northeast,Web,Electronics,115.39,2,0.00,230.78,0,4
ORD-01319,2025-05-20,CUST-0520,West,Mobile,Outdoors,75.49,3,0.15,192.51,1,4
ORD-01320,2025-08-08,CUST-0556,South,Mobile,Home,30.08,1,0.10,27.07,0,3
ORD-01321,2025-04-14,CUST-0405,Northeast,Web,Electronics,118.17,1,0.10,106.35,0,5
ORD-01322,2025-12-20,CUST-0112,South,Mobile,Electronics,182.84,2,0.10,329.12,0,8
ORD-01323,2025-08-01,CUST-0872,West,Web,Beauty,33.48,1,0.05,31.81,0,4
ORD-01324,2025-08-16,CUST-0317,Midwest,Mobile,Beauty,42.75,1,0.00,42.75,0,3
ORD-01325,2025-02-13,CUST-0563,South,Mobile,Beauty,40.45,2,0.20,64.72,0,3
ORD-01326,2025-02-01,CUST-0849,Northeast,Web,Outdoors,88.84,4,0.00,355.36,0,4
ORD-01327,2025-05-31,CUST-0422,South,Store,Outdoors,114.14,2,0.00,228.27,0,1
ORD-01328,2025-09-19,CUST-0211,West,Web,Outdoors,79.65,2,0.00,159.30,0,4
ORD-01329,2025-09-27,CUST-0736,Midwest,Mobile,Home,60.13,1,0.30,42.09,0,5
ORD-01330,2025-03-25,CUST-0661,South,Mobile,Home,38.66,1,0.30,27.06,0,6
ORD-01331,2025-10-20,CUST-0143,West,Mobile,Apparel,27.07,1,0.10,24.37,0,4
ORD-01332,2025-05-29,CUST-0671,West,Mobile,Home,64.62,5,0.00,323.10,0,3
ORD-01333,2025-05-17,CUST-0701,Northeast,Web,Electronics,112.39,1,0.05,106.77,0,3
ORD-01334,2025-05-03,CUST-0595,Northeast,Web,Electronics,174.76,1,0.10,157.28,0,5
ORD-01335,2025-08-07,CUST-0585,West,Web,Outdoors,24.01,1,0.00,24.01,0,8
ORD-01336,2025-10-05,CUST-0332,Northeast,Web,Home,84.68,2,0.30,118.56,0,4
ORD-01337,2025-09-17,CUST-0040,Midwest,Web,Outdoors,93.11,2,0.00,186.22,0,6
ORD-01338,2025-06-03,CUST-0087,Northeast,Mobile,Outdoors,85.09,1,0.05,80.84,0,4
ORD-01339,2025-06-02,CUST-0772,South,Web,Outdoors,85.80,1,0.10,77.22,0,4
ORD-01340,2025-01-20,CUST-0487,Midwest,Mobile,Beauty,21.34,4,0.10,76.82,0,1
ORD-01341,2025-10-17,CUST-0053,Northeast,Web,Beauty,38.77,3,0.00,116.31,0,5
ORD-01342,2025-05-05,CUST-0102,Northeast,Web,Electronics,140.74,1,0.15,119.63,0,6
ORD-01343,2025-01-26,CUST-0078,West,Web,Beauty,31.75,1,0.00,31.75,0,7
ORD-01344,2025-01-14,CUST-0207,West,Store,Outdoors,72.67,3,0.00,218.01,0,1
ORD-01345,2025-07-25,CUST-0665,West,Web,Electronics,108.97,1,0.10,98.07,0,5
ORD-01346,2025-05-20,CUST-0414,Northeast,Mobile,Apparel,42.82,3,0.20,102.76,1,3
ORD-01347,2025-08-27,CUST-0770,South,Mobile,Outdoors,102.03,1,0.10,91.83,0,5
ORD-01348,2025-05-14,CUST-0059,South,Store,Electronics,191.01,1,0.00,191.01,0,1
ORD-01349,2025-02-10,CUST-0107,South,Web,Electronics,168.93,3,0.10,456.11,0,5
ORD-01350,2025-06-16,CUST-0145,West,Web,Beauty,45.24,3,0.15,115.37,0,2
ORD-01351,2025-08-17,CUST-0437,West,Web,Apparel,36.83,1,0.15,31.31,0,5
ORD-01352,2025-02-21,CUST-0779,South,Web,Outdoors,51.14,2,0.10,92.06,0,4
ORD-01353,2025-01-01,CUST-0189,Midwest,Mobile,Apparel,37.86,1,0.10,34.07,0,5
ORD-01354,2025-11-20,CUST-0222,West,Mobile,Apparel,44.18,2,0.10,79.52,0,1
ORD-01355,2025-04-05,CUST-0422,Midwest,Web,Home,42.76,1,0.20,34.21,1,5
ORD-01356,2025-01-27,CUST-0262,Midwest,Web,Home,43.00,1,0.10,38.70,0,5
ORD-01357,2025-02-27,CUST-0656,South,Store,Electronics,55.26,2,0.05,104.99,0,6
ORD-01358,2025-05-02,CUST-0561,Northeast,Store,Outdoors,64.44,2,0.05,122.44,0,3
ORD-01359,2025-04-24,CUST-0017,Northeast,Mobile,Home,59.77,1,0.00,59.77,0,4
ORD-01360,2025-07-30,CUST-0050,South,Store,Apparel,37.52,3,0.10,101.31,0,3
ORD-01361,2025-08-16,CUST-0861,Midwest,Mobile,Beauty,31.03,1,0.00,31.03,0,4
ORD-01362,2025-05-11,CUST-0205,Midwest,Store,Outdoors,105.32,1,0.10,94.78,0,3
ORD-01363,2025-05-10,CUST-0744,Northeast,Store,Home,70.81,1,0.30,49.57,0,4
ORD-01364,2025-11-12,CUST-0885,Northeast,Web,Beauty,35.88,1,0.05,34.09,1,4
ORD-01365,2025-11-15,CUST-0099,Northeast,Store,Apparel,42.97,4,0.15,146.10,0,3
ORD-01366,2025-10-01,CUST-0793,South,Web,Electronics,107.58,3,0.10,290.46,0,4
ORD-01367,2025-01-22,CUST-0664,West,Store,Beauty,29.56,1,0.15,25.13,0,1
ORD-01368,2025-02-25,CUST-0880,Midwest,Web,Apparel,34.62,2,0.05,65.78,0,4
ORD-01369,2025-09-06,CUST-0226,Northeast,Web,Apparel,34.18,4,0.00,136.72,0,3
ORD-01370,2025-06-23,CUST-0628,South,Web,Apparel,55.74,1,0.20,44.59,0,3
ORD-01371,2025-08-27,CUST-0150,West,Web,Outdoors,78.35,1,0.05,74.43,0,4
ORD-01372,2025-03-24,CUST-0159,Midwest,Web,Outdoors,105.35,1,0.10,94.82,1,2
ORD-01373,2025-03-11,CUST-0440,South,Mobile,Beauty,15.30,2,0.20,24.49,1,6
ORD-01374,2025-03-12,CUST-0133,Midwest,Web,Home,59.77,2,0.15,101.61,0,6
ORD-01375,2025-08-18,CUST-0518,West,Web,Beauty,34.08,1,0.15,28.97,0,4
ORD-01376,2025-03-16,CUST-0564,West,Store,Outdoors,121.37,4,0.15,412.64,1,1
ORD-01377,2025-10-12,CUST-0334,Northeast,Mobile,Home,62.68,1,0.20,50.14,1,3
ORD-01378,2025-04-30,CUST-0381,West,Mobile,Electronics,150.64,4,0.10,542.32,0,3
ORD-01379,2025-10-28,CUST-0091,West,Web,Beauty,17.54,3,0.20,42.10,0,4
ORD-01380,2025-02-23,CUST-0655,West,Mobile,Beauty,24.35,1,0.05,23.13,0,5
ORD-01381,2025-09-19,CUST-0117,South,Web,Home,48.63,5,0.10,218.86,0,2
ORD-01382,2025-03-13,CUST-0152,South,Mobile,Outdoors,82.44,1,0.10,74.20,0,5
ORD-01383,2025-06-15,CUST-0239,South,Mobile,Apparel,49.73,1,0.10,44.76,0,3
ORD-01384,2025-10-08,CUST-0492,South,Web,Apparel,37.54,3,0.00,112.61,0,7
ORD-01385,2025-09-23,CUST-0263,Midwest,Web,Home,69.58,1,0.15,59.14,0,4
ORD-01386,2025-07-16,CUST-0615,Midwest,Mobile,Apparel,45.00,2,0.05,85.51,0,5
ORD-01387,2025-01-20,CUST-0233,Northeast,Web,Beauty,22.04,3,0.00,66.11,0,4
ORD-01388,2025-02-18,CUST-0895,West,Store,Home,30.88,1,0.00,30.88,0,1
ORD-01389,2025-05-23,CUST-0040,Northeast,Mobile,Home,60.38,1,0.05,57.36,0,2
ORD-01390,2025-05-22,CUST-0734,Northeast,Web,Outdoors,77.09,2,0.00,154.18,0,6
ORD-01391,2025-05-04,CUST-0416,South,Web,Electronics,108.24,3,0.00,324.71,0,5
ORD-01392,2025-12-28,CUST-0270,Midwest,Store,Home,81.20,3,0.10,219.24,0,3
ORD-01393,2025-12-20,CUST-0565,Northeast,Web,Home,58.39,4,0.00,233.55,0,5
ORD-01394,2025-11-27,CUST-0576,South,Store,Beauty,36.24,1,0.10,32.62,0,1
ORD-01395,2025-06-26,CUST-0387,West,Web,Home,35.84,3,0.30,75.26,0,3
ORD-01396,2025-06-19,CUST-0731,Northeast,Mobile,Home,65.52,1,0.20,52.41,0,5
ORD-01397,2025-09-17,CUST-0520,South,Mobile,Electronics,155.06,1,0.30,108.54,0,4
ORD-01398,2025-06-25,CUST-0653,Northeast,Web,Beauty,39.35,1,0.15,33.45,0,8
ORD-01399,2025-03-11,CUST-0022,West,Web,Electronics,94.75,2,0.05,180.03,0,4
ORD-01400,2025-10-20,CUST-0867,Midwest,Web,Beauty,30.67,2,0.20,49.07,1,5
ORD-01401,2025-01-15,CUST-0464,Northeast,Mobile,Beauty,24.96,1,0.00,24.96,0,2
ORD-01402,2025-10-15,CUST-0248,West,Mobile,Apparel,48.00,4,0.10,172.78,1,2
ORD-01403,2025-05-11,CUST-0122,Northeast,Mobile,Apparel,22.06,1,0.10,19.85,0,3
ORD-01404,2025-10-18,CUST-0717,West,Mobile,Electronics,90.89,3,0.10,245.40,0,1
ORD-01405,2025-12-15,CUST-0541,South,Web,Apparel,42.55,2,0.05,80.85,0,5
ORD-01406,2025-07-03,CUST-0275,Northeast,Mobile,Apparel,48.91,1,0.00,48.91,0,4
ORD-01407,2025-02-26,CUST-0869,West,Web,Electronics,168.30,1,0.10,151.47,0,1
ORD-01408,2025-09-27,CUST-0799,Northeast,Web,Beauty,41.14,3,0.05,117.24,0,2
ORD-01409,2025-11-28,CUST-0415,South,Web,Apparel,57.56,1,0.30,40.29,0,3
ORD-01410,2025-05-05,CUST-0319,Midwest,Mobile,Home,63.33,1,0.15,53.83,0,2
ORD-01411,2025-02-22,CUST-0893,Northeast,Store,Beauty,28.51,3,0.10,76.99,1,1
ORD-01412,2025-06-01,CUST-0168,Northeast,Web,Beauty,35.62,2,0.00,71.23,0,5
ORD-01413,2025-08-15,CUST-0585,Northeast,Web,Apparel,59.81,1,0.00,59.81,0,1
ORD-01414,2025-06-03,CUST-0419,West,Web,Electronics,131.18,2,0.30,183.65,0,1
ORD-01415,2025-09-27,CUST-0733,West,Mobile,Electronics,103.45,1,0.10,93.11,0,3
ORD-01416,2025-06-09,CUST-0317,South,Store,Electronics,137.55,2,0.10,247.59,0,1
ORD-01417,2025-02-17,CUST-0765,South,Store,Apparel,30.83,2,0.10,55.49,0,1
ORD-01418,2025-01-14,CUST-0567,Northeast,Web,Outdoors,100.05,1,0.00,100.05,0,1
ORD-01419,2025-03-12,CUST-0452,West,Web,Home,67.33,1,0.05,63.96,0,2
ORD-01420,2025-05-17,CUST-0013,South,Web,Outdoors,78.15,1,0.00,78.15,1,2
ORD-01421,2025-01-07,CUST-0527,West,Web,Home,81.18,1,0.20,64.94,0,5
ORD-01422,2025-11-15,CUST-0629,South,Web,Beauty,24.94,2,0.00,49.88,0,4
ORD-01423,2025-08-28,CUST-0337,South,Web,Outdoors,84.63,1,0.10,76.16,0,1
ORD-01424,2025-06-26,CUST-0852,Midwest,Store,Apparel,41.20,1,0.15,35.02,0,1
ORD-01425,2025-01-04,CUST-0774,West,Mobile,Apparel,46.84,1,0.05,44.50,1,3
ORD-01426,2025-11-28,CUST-0265,South,Web,Outdoors,76.40,1,0.30,53.48,0,6
ORD-01427,2025-09-24,CUST-0660,Northeast,Mobile,Electronics,162.03,3,0.00,486.08,0,7
ORD-01428,2025-08-09,CUST-0360,South,Mobile,Apparel,28.77,1,0.15,24.46,0,4
ORD-01429,2025-11-22,CUST-0403,West,Web,Beauty,26.69,1,0.05,25.35,1,7
ORD-01430,2025-08-10,CUST-0232,Northeast,Store,Home,101.48,1,0.10,91.33,0,3
ORD-01431,2025-01-08,CUST-0167,South,Mobile,Outdoors,85.03,2,0.20,136.05,0,4
ORD-01432,2025-08-28,CUST-0842,South,Web,Beauty,28.37,1,0.00,28.37,0,7
ORD-01433,2025-08-29,CUST-0184,Northeast,Web,Home,81.85,1,0.15,69.57,0,4
ORD-01434,2025-06-19,CUST-0625,West,Web,Outdoors,66.09,2,0.20,105.74,0,5
ORD-01435,2025-12-11,CUST-0634,Northeast,Mobile,Apparel,48.13,1,0.15,40.91,0,4
ORD-01436,2025-07-20,CUST-0594,South,Mobile,Apparel,63.20,1,0.00,63.20,1,5
ORD-01437,2025-12-06,CUST-0403,Northeast,Web,Outdoors,77.78,1,0.10,70.00,0,3
ORD-01438,2025-07-10,CUST-0037,Northeast,Store,Outdoors,82.41,1,0.20,65.93,0,3
ORD-01439,2025-07-24,CUST-0065,West,Mobile,Outdoors,99.72,2,0.05,189.48,1,3
ORD-01440,2025-06-27,CUST-0790,West,Mobile,Outdoors,91.77,2,0.00,183.53,0,4
ORD-01441,2025-10-21,CUST-0575,Northeast,Store,Electronics,200.98,1,0.10,180.88,1,1
ORD-01442,2025-02-02,CUST-0126,Northeast,Mobile,Apparel,49.51,2,0.10,89.11,0,5
ORD-01443,2025-03-03,CUST-0174,West,Mobile,Beauty,21.56,1,0.10,19.40,0,2
ORD-01444,2025-04-11,CUST-0332,West,Web,Electronics,71.91,3,0.30,151.01,0,2
ORD-01445,2025-05-02,CUST-0505,South,Store,Outdoors,88.03,2,0.00,176.07,0,1
ORD-01446,2025-09-15,CUST-0428,South,Web,Home,80.65,5,0.05,383.10,0,6
ORD-01447,2025-10-08,CUST-0388,South,Web,Electronics,192.38,1,0.15,163.52,0,6
ORD-01448,2025-03-01,CUST-0044,Midwest,Store,Beauty,44.64,1,0.00,44.64,0,2
ORD-01449,2025-06-14,CUST-0554,South,Mobile,Apparel,48.85,2,0.10,87.93,1,5
ORD-01450,2025-07-10,CUST-0822,Northeast,Web,Apparel,47.59,3,0.05,135.62,1,4
ORD-01451,2025-11-11,CUST-0666,West,Web,Apparel,51.06,5,0.10,229.76,1,3
ORD-01452,2025-09-29,CUST-0348,South,Web,Beauty,37.36,1,0.15,31.76,0,5
ORD-01453,2025-11-05,CUST-0757,Northeast,Mobile,Home,47.77,1,0.00,47.77,0,5
ORD-01454,2025-02-01,CUST-0607,West,Web,Beauty,33.31,1,0.00,33.31,0,8
ORD-01455,2025-01-06,CUST-0719,Midwest,Mobile,Beauty,31.63,4,0.00,126.52,0,2
ORD-01456,2025-10-04,CUST-0741,West,Web,Beauty,42.50,2,0.20,68.00,0,2
ORD-01457,2025-09-04,CUST-0776,South,Store,Beauty,16.38,3,0.00,49.15,0,1
ORD-01458,2025-11-28,CUST-0810,Northeast,Mobile,Beauty,26.04,3,0.30,54.69,0,1
ORD-01459,2025-05-27,CUST-0599,Northeast,Mobile,Apparel,46.13,4,0.10,166.06,0,5
ORD-01460,2025-10-20,CUST-0172,Midwest,Mobile,Electronics,110.20,2,0.00,220.39,0,5
ORD-01461,2025-11-01,CUST-0351,Northeast,Web,Beauty,34.84,2,0.10,62.70,0,5
ORD-01462,2025-03-06,CUST-0730,West,Store,Beauty,36.42,1,0.15,30.96,0,2
ORD-01463,2025-09-20,CUST-0133,South,Mobile,Apparel,26.76,1,0.15,22.75,0,5
ORD-01464,2025-06-21,CUST-0745,South,Store,Electronics,185.31,2,0.00,370.62,0,1
ORD-01465,2025-05-23,CUST-0259,West,Mobile,Outdoors,19.70,5,0.10,88.65,0,3
ORD-01466,2025-01-19,CUST-0284,West,Web,Home,65.91,2,0.10,118.64,0,6
ORD-01467,2025-07-03,CUST-0131,South,Mobile,Outdoors,77.99,1,0.10,70.19,0,4
ORD-01468,2025-06-26,CUST-0766,West,Web,Home,66.60,1,0.15,56.61,0,6
ORD-01469,2025-11-13,CUST-0651,West,Mobile,Beauty,36.13,1,0.30,25.29,0,5
ORD-01470,2025-03-27,CUST-0875,Midwest,Web,Home,45.40,4,0.15,154.37,0,3
ORD-01471,2025-05-14,CUST-0375,West,Web,Beauty,49.49,1,0.30,34.65,0,2
ORD-01472,2025-11-03,CUST-0867,West,Mobile,Beauty,34.11,4,0.05,129.63,0,1
ORD-01473,2025-02-26,CUST-0329,West,Mobile,Outdoors,75.66,2,0.00,151.31,0,1
ORD-01474,2025-11-28,CUST-0665,Northeast,Store,Apparel,39.49,3,0.05,112.55,0,1
ORD-01475,2025-07-10,CUST-0292,Midwest,Web,Apparel,47.96,1,0.00,47.96,0,6
ORD-01476,2025-12-07,CUST-0792,Midwest,Mobile,Home,91.48,4,0.10,329.34,0,3
ORD-01477,2025-03-19,CUST-0514,West,Web,Home,72.02,1,0.15,61.22,0,6
ORD-01478,2025-03-07,CUST-0064,Midwest,Store,Outdoors,48.94,2,0.20,78.31,0,4
ORD-01479,2025-10-09,CUST-0460,Midwest,Store,Home,48.37,1,0.15,41.11,0,1
ORD-01480,2025-04-15,CUST-0427,South,Web,Apparel,33.14,3,0.10,89.48,0,3
ORD-01481,2025-01-25,CUST-0015,Midwest,Web,Outdoors,106.80,1,0.05,101.46,0,5
ORD-01482,2025-12-13,CUST-0819,Midwest,Mobile,Outdoors,59.66,4,0.00,238.64,0,1
ORD-01483,2025-07-10,CUST-0858,Midwest,Mobile,Apparel,46.27,1,0.05,43.96,0,3
ORD-01484,2025-09-13,CUST-0001,South,Mobile,Beauty,37.95,1,0.00,37.95,0,2
ORD-01485,2025-01-03,CUST-0474,South,Web,Home,65.87,2,0.00,131.73,0,4
ORD-01486,2025-01-04,CUST-0742,South,Web,Outdoors,74.13,2,0.20,118.61,0,6
ORD-01487,2025-12-21,CUST-0490,Northeast,Mobile,Beauty,27.89,2,0.15,47.42,0,3
ORD-01488,2025-07-11,CUST-0533,South,Mobile,Electronics,116.33,1,0.00,116.33,0,7
ORD-01489,2025-01-23,CUST-0062,South,Mobile,Home,57.81,2,0.20,92.50,0,7
ORD-01490,2025-09-06,CUST-0791,South,Web,Home,39.75,1,0.00,39.75,0,5
ORD-01491,2025-03-10,CUST-0353,Northeast,Web,Apparel,60.03,2,0.20,96.05,0,4
ORD-01492,2025-08-09,CUST-0477,South,Store,Electronics,144.74,3,0.05,412.50,0,2
ORD-01493,2025-04-15,CUST-0442,Midwest,Web,Outdoors,67.01,3,0.05,190.98,0,3
ORD-01494,2025-02-08,CUST-0276,Midwest,Mobile,Home,60.97,5,0.05,289.61,0,5
ORD-01495,2025-11-09,CUST-0834,Midwest,Mobile,Apparel,43.67,2,0.20,69.87,0,3
ORD-01496,2025-09-21,CUST-0891,West,Web,Beauty,12.12,3,0.10,32.73,0,1
ORD-01497,2025-03-03,CUST-0893,Northeast,Store,Apparel,58.24,1,0.30,40.77,1,1
ORD-01498,2025-01-03,CUST-0666,West,Mobile,Outdoors,64.09,5,0.00,320.47,1,4
ORD-01499,2025-02-19,CUST-0786,West,Store,Home,48.18,2,0.05,91.54,0,1
ORD-01500,2025-03-17,CUST-0259,Midwest,Mobile,Home,58.49,1,0.05,55.56,0,5
ORD-01501,2025-04-02,CUST-0347,Midwest,Web,Apparel,48.30,1,0.00,48.30,0,4
ORD-01502,2025-01-12,CUST-0787,Northeast,Store,Home,68.98,4,0.15,234.55,0,1
ORD-01503,2025-03-01,CUST-0108,West,Mobile,Beauty,49.58,2,0.15,84.28,0,5
ORD-01504,2025-05-12,CUST-0144,West,Web,Home,40.28,1,0.00,40.28,0,2
ORD-01505,2025-03-23,CUST-0393,West,Mobile,Home,80.34,1,0.10,72.30,0,4
ORD-01506,2025-07-15,CUST-0826,Midwest,Web,Electronics,103.83,2,0.00,207.66,0,6
ORD-01507,2025-11-24,CUST-0159,Midwest,Mobile,Outdoors,89.01,2,0.05,169.12,0,7
ORD-01508,2025-07-24,CUST-0124,Midwest,Web,Outdoors,42.96,3,0.00,128.88,0,5
ORD-01509,2025-12-16,CUST-0501,Northeast,Web,Apparel,37.82,3,0.10,102.12,0,2
ORD-01510,2025-09-19,CUST-0813,South,Mobile,Electronics,147.22,4,0.20,471.10,1,6
ORD-01511,2025-01-23,CUST-0713,West,Web,Apparel,38.53,2,0.05,73.21,0,1
ORD-01512,2025-09-28,CUST-0693,Midwest,Mobile,Home,44.67,1,0.15,37.97,0,4
ORD-01513,2025-10-10,CUST-0375,West,Web,Beauty,28.94,3,0.10,78.13,0,6
ORD-01514,2025-06-10,CUST-0408,Northeast,Store,Electronics,154.49,3,0.05,440.29,1,1
ORD-01515,2025-10-26,CUST-0411,Midwest,Mobile,Home,66.09,5,0.05,313.94,0,6
ORD-01516,2025-02-13,CUST-0731,Northeast,Store,Home,52.55,3,0.00,157.64,0,4
ORD-01517,2025-10-25,CUST-0622,South,Web,Beauty,30.23,3,0.00,90.68,0,5
ORD-01518,2025-12-24,CUST-0125,Midwest,Mobile,Electronics,170.84,1,0.10,153.75,0,4
ORD-01519,2025-08-17,CUST-0035,Midwest,Web,Home,79.15,1,0.15,67.28,0,1
ORD-01520,2025-02-02,CUST-0830,South,Mobile,Electronics,227.26,3,0.15,579.50,0,7
ORD-01521,2025-03-28,CUST-0767,Northeast,Web,Apparel,58.38,4,0.15,198.48,1,6
ORD-01522,2025-07-18,CUST-0331,West,Store,Apparel,49.46,1,0.10,44.52,0,1
ORD-01523,2025-04-25,CUST-0103,Midwest,Web,Apparel,47.26,4,0.10,170.15,0,4
ORD-01524,2025-09-25,CUST-0268,Northeast,Web,Apparel,34.58,3,0.30,72.61,0,4
ORD-01525,2025-08-01,CUST-0818,Midwest,Mobile,Outdoors,134.13,3,0.00,402.40,0,4
ORD-01526,2025-02-12,CUST-0524,Northeast,Web,Outdoors,91.83,1,0.10,82.65,0,6
ORD-01527,2025-04-29,CUST-0476,Northeast,Store,Outdoors,77.68,3,0.00,233.03,0,1
ORD-01528,2025-04-09,CUST-0601,Northeast,Web,Beauty,22.03,2,0.05,41.85,0,6
ORD-01529,2025-09-15,CUST-0739,West,Web,Outdoors,75.14,2,0.00,150.29,0,5
ORD-01530,2025-12-08,CUST-0008,West,Store,Apparel,46.91,1,0.00,46.91,0,1
ORD-01531,2025-04-18,CUST-0311,Northeast,Mobile,Outdoors,70.32,1,0.15,59.77,0,5
ORD-01532,2025-02-27,CUST-0854,South,Store,Apparel,62.70,1,0.05,59.56,0,1
ORD-01533,2025-03-30,CUST-0726,South,Mobile,Electronics,152.20,4,0.10,547.92,0,4
ORD-01534,2025-04-11,CUST-0653,Midwest,Mobile,Outdoors,91.95,1,0.20,73.56,0,4
ORD-01535,2025-08-08,CUST-0112,Midwest,Web,Outdoors,109.13,2,0.00,218.26,0,6
ORD-01536,2025-07-26,CUST-0327,Northeast,Mobile,Home,35.52,3,0.10,95.90,0,4
ORD-01537,2025-07-25,CUST-0107,Midwest,Mobile,Home,56.96,1,0.15,48.41,0,2
ORD-01538,2025-08-10,CUST-0575,South,Mobile,Beauty,43.71,2,0.00,87.42,0,6
ORD-01539,2025-09-22,CUST-0482,West,Store,Outdoors,97.20,3,0.10,262.45,0,1
ORD-01540,2025-03-16,CUST-0486,West,Web,Beauty,41.96,1,0.15,35.67,0,4
ORD-01541,2025-05-20,CUST-0428,Midwest,Mobile,Electronics,164.76,1,0.00,164.76,0,3
ORD-01542,2025-06-04,CUST-0184,Northeast,Store,Home,76.51,2,0.00,153.03,0,5
ORD-01543,2025-05-09,CUST-0676,Midwest,Mobile,Home,49.76,2,0.10,89.57,0,3
ORD-01544,2025-05-08,CUST-0143,Midwest,Web,Electronics,96.39,1,0.00,96.39,1,1
ORD-01545,2025-10-13,CUST-0323,Midwest,Mobile,Beauty,45.45,1,0.00,45.45,0,2
ORD-01546,2025-11-15,CUST-0376,Midwest,Web,Apparel,27.87,1,0.10,25.08,0,3
ORD-01547,2025-11-05,CUST-0318,West,Web,Beauty,37.96,3,0.10,102.50,0,4
ORD-01548,2025-08-22,CUST-0119,South,Web,Beauty,35.16,1,0.05,33.40,0,3
ORD-01549,2025-07-04,CUST-0476,South,Web,Electronics,130.77,1,0.05,124.23,0,3
ORD-01550,2025-05-24,CUST-0163,South,Store,Beauty,49.02,1,0.15,41.67,0,2
ORD-01551,2025-07-31,CUST-0358,West,Web,Beauty,8.13,2,0.00,16.26,0,5
ORD-01552,2025-06-27,CUST-0664,Northeast,Mobile,Apparel,43.94,2,0.00,87.89,0,2
ORD-01553,2025-05-30,CUST-0148,Midwest,Mobile,Home,45.59,1,0.20,36.47,0,5
ORD-01554,2025-04-09,CUST-0205,West,Store,Electronics,224.69,1,0.20,179.75,0,1
ORD-01555,2025-10-14,CUST-0297,West,Web,Electronics,152.52,1,0.30,106.77,1,2
ORD-01556,2025-09-11,CUST-0652,Northeast,Mobile,Apparel,36.47,4,0.10,131.30,0,1
ORD-01557,2025-05-01,CUST-0346,West,Web,Apparel,53.13,2,0.05,100.95,0,1
ORD-01558,2025-09-20,CUST-0392,South,Web,Home,82.93,2,0.10,149.27,0,4
ORD-01559,2025-03-19,CUST-0785,West,Store,Beauty,18.32,2,0.05,34.80,0,1
ORD-01560,2025-05-14,CUST-0232,Midwest,Store,Electronics,187.59,1,0.15,159.45,0,3
ORD-01561,2025-12-26,CUST-0201,South,Store,Beauty,27.10,2,0.00,54.20,0,5
ORD-01562,2025-11-27,CUST-0311,Northeast,Web,Electronics,30.36,2,0.30,42.51,1,3
ORD-01563,2025-07-28,CUST-0853,Midwest,Web,Electronics,169.47,1,0.10,152.52,0,4
ORD-01564,2025-06-30,CUST-0278,West,Store,Beauty,28.79,1,0.05,27.35,0,2
ORD-01565,2025-11-26,CUST-0664,South,Mobile,Apparel,38.80,3,0.05,110.57,0,4
ORD-01566,2025-04-05,CUST-0873,West,Web,Home,46.51,1,0.00,46.51,0,6
ORD-01567,2025-02-22,CUST-0694,South,Web,Electronics,193.02,2,0.10,347.44,0,4
ORD-01568,2025-10-01,CUST-0174,Midwest,Store,Apparel,50.37,3,0.00,151.10,0,1
ORD-01569,2025-11-01,CUST-0739,South,Store,Home,62.21,1,0.15,52.88,0,1
ORD-01570,2025-08-14,CUST-0732,West,Web,Beauty,29.71,1,0.05,28.23,0,4
ORD-01571,2025-05-22,CUST-0082,Midwest,Mobile,Beauty,20.02,2,0.05,38.04,0,6
ORD-01572,2025-05-23,CUST-0318,Northeast,Store,Home,48.74,3,0.05,138.90,0,1
ORD-01573,2025-05-13,CUST-0391,South,Web,Beauty,41.30,3,0.05,117.72,0,1
ORD-01574,2025-06-04,CUST-0669,Northeast,Mobile,Electronics,131.25,1,0.10,118.12,1,6
ORD-01575,2025-11-19,CUST-0894,South,Mobile,Apparel,52.61,1,0.10,47.35,0,4
ORD-01576,2025-02-09,CUST-0254,West,Web,Apparel,37.64,3,0.15,95.99,1,6
ORD-01577,2025-05-05,CUST-0283,South,Store,Apparel,39.35,5,0.10,177.09,0,1
ORD-01578,2025-12-13,CUST-0789,Midwest,Mobile,Outdoors,83.98,2,0.05,159.57,0,1
ORD-01579,2025-12-18,CUST-0128,Midwest,Mobile,Apparel,53.76,2,0.15,91.39,0,3
ORD-01580,2025-01-01,CUST-0238,West,Web,Outdoors,71.38,3,0.20,171.30,0,5
ORD-01581,2025-06-25,CUST-0093,West,Web,Electronics,129.90,1,0.15,110.41,0,2
ORD-01582,2025-01-05,CUST-0672,West,Mobile,Outdoors,49.77,2,0.05,94.56,0,5
ORD-01583,2025-11-25,CUST-0627,Midwest,Mobile,Electronics,150.36,4,0.15,511.24,0,1
ORD-01584,2025-11-22,CUST-0571,Northeast,Store,Electronics,199.21,4,0.30,557.80,0,3
ORD-01585,2025-06-11,CUST-0693,Northeast,Web,Electronics,154.82,1,0.10,139.33,0,5
ORD-01586,2025-01-01,CUST-0638,Midwest,Web,Home,49.70,2,0.15,84.49,0,3
ORD-01587,2025-03-30,CUST-0377,West,Mobile,Electronics,146.32,5,0.10,658.42,0,2
ORD-01588,2025-05-04,CUST-0573,Northeast,Mobile,Home,46.59,1,0.00,46.59,0,3
ORD-01589,2025-08-29,CUST-0840,South,Store,Beauty,20.96,1,0.20,16.77,0,1
ORD-01590,2025-10-21,CUST-0273,Midwest,Web,Beauty,29.72,4,0.10,106.99,0,4
ORD-01591,2025-04-10,CUST-0056,Northeast,Web,Apparel,47.10,2,0.10,84.79,0,5
ORD-01592,2025-03-06,CUST-0753,West,Store,Home,57.75,1,0.15,49.09,0,1
ORD-01593,2025-05-30,CUST-0496,Midwest,Web,Apparel,46.32,2,0.15,78.75,0,4
ORD-01594,2025-04-12,CUST-0643,West,Web,Apparel,63.53,1,0.00,63.53,0,5
ORD-01595,2025-07-27,CUST-0478,South,Web,Home,64.46,1,0.10,58.02,0,3
ORD-01596,2025-04-12,CUST-0895,Midwest,Web,Home,56.27,2,0.05,106.92,0,4
ORD-01597,2025-10-30,CUST-0465,West,Web,Outdoors,102.96,2,0.15,175.03,0,5
ORD-01598,2025-10-15,CUST-0454,Midwest,Web,Electronics,177.27,3,0.20,425.46,0,5
ORD-01599,2025-04-29,CUST-0578,South,Store,Beauty,32.36,1,0.15,27.51,0,2
ORD-01600,2025-06-06,CUST-0731,West,Store,Beauty,35.13,1,0.00,35.13,0,3
ORD-01601,2025-02-02,CUST-0546,South,Web,Apparel,53.34,5,0.15,226.70,0,5
ORD-01602,2025-09-28,CUST-0098,Northeast,Mobile,Home,75.35,3,0.00,226.04,0,5
ORD-01603,2025-11-23,CUST-0501,Northeast,Web,Outdoors,60.07,1,0.05,57.06,1,5
ORD-01604,2025-01-01,CUST-0642,South,Mobile,Apparel,66.67,3,0.10,180.01,0,5
ORD-01605,2025-05-13,CUST-0250,South,Mobile,Outdoors,103.81,3,0.00,311.43,0,5
ORD-01606,2025-02-06,CUST-0324,South,Mobile,Apparel,38.52,1,0.20,30.82,0,3
ORD-01607,2025-08-22,CUST-0314,West,Store,Outdoors,87.50,2,0.05,166.24,0,1
ORD-01608,2025-07-16,CUST-0876,Midwest,Store,Outdoors,119.46,1,0.20,95.56,0,1
ORD-01609,2025-11-26,CUST-0788,South,Mobile,Beauty,28.55,4,0.20,91.36,0,5
ORD-01610,2025-01-14,CUST-0088,South,Web,Outdoors,69.12,1,0.10,62.21,0,3
ORD-01611,2025-07-30,CUST-0353,South,Web,Home,50.31,1,0.05,47.79,0,3
ORD-01612,2025-02-09,CUST-0641,Midwest,Mobile,Home,59.54,2,0.20,95.27,1,6
ORD-01613,2025-06-17,CUST-0069,Midwest,Web,Home,66.23,1,0.15,56.30,0,4
ORD-01614,2025-06-09,CUST-0475,South,Store,Beauty,32.49,1,0.00,32.49,0,3
ORD-01615,2025-07-31,CUST-0330,West,Store,Outdoors,106.70,1,0.20,85.36,0,1
ORD-01616,2025-09-08,CUST-0284,West,Mobile,Electronics,187.96,1,0.15,159.77,0,7
ORD-01617,2025-11-12,CUST-0305,Northeast,Web,Apparel,12.51,1,0.05,11.89,0,2
ORD-01618,2025-07-29,CUST-0393,Midwest,Web,Home,44.11,1,0.20,35.29,0,5
ORD-01619,2025-08-05,CUST-0843,Northeast,Store,Electronics,51.91,1,0.05,49.31,0,1
ORD-01620,2025-06-23,CUST-0898,West,Web,Beauty,40.02,3,0.10,108.05,0,4
ORD-01621,2025-07-23,CUST-0306,Northeast,Web,Electronics,135.45,1,0.05,128.68,1,6
ORD-01622,2025-10-03,CUST-0460,West,Mobile,Home,74.86,4,0.00,299.43,0,7
ORD-01623,2025-03-11,CUST-0049,South,Web,Beauty,29.52,4,0.10,106.25,0,4
ORD-01624,2025-04-17,CUST-0711,Northeast,Web,Beauty,30.06,2,0.00,60.12,0,5
ORD-01625,2025-01-24,CUST-0412,South,Mobile,Home,57.61,1,0.05,54.73,0,1
ORD-01626,2025-09-12,CUST-0169,South,Web,Home,49.65,1,0.10,44.69,0,3
ORD-01627,2025-10-04,CUST-0642,South,Mobile,Outdoors,69.42,4,0.15,236.04,0,5
ORD-01628,2025-09-12,CUST-0793,Northeast,Web,Outdoors,52.37,1,0.20,41.90,0,5
ORD-01629,2025-11-12,CUST-0620,West,Mobile,Beauty,32.65,2,0.15,55.50,1,6
ORD-01630,2025-10-29,CUST-0067,Northeast,Store,Outdoors,112.78,2,0.15,191.72,0,2
ORD-01631,2025-03-14,CUST-0194,Northeast,Mobile,Outdoors,65.84,2,0.00,131.68,0,4
ORD-01632,2025-10-25,CUST-0761,Midwest,Mobile,Electronics,135.29,4,0.00,541.15,1,3
ORD-01633,2025-02-18,CUST-0175,West,Web,Electronics,189.02,2,0.05,359.14,0,3
ORD-01634,2025-05-02,CUST-0681,South,Web,Apparel,70.08,1,0.10,63.08,0,6
ORD-01635,2025-02-23,CUST-0836,Midwest,Mobile,Beauty,47.14,1,0.00,47.14,0,3
ORD-01636,2025-03-08,CUST-0635,South,Mobile,Apparel,51.18,1,0.05,48.62,0,5
ORD-01637,2025-07-31,CUST-0015,Northeast,Mobile,Home,58.99,2,0.10,106.18,0,2
ORD-01638,2025-06-29,CUST-0336,South,Mobile,Outdoors,74.27,1,0.05,70.56,0,4
ORD-01639,2025-10-04,CUST-0678,South,Mobile,Home,72.85,2,0.20,116.56,0,7
ORD-01640,2025-05-04,CUST-0466,South,Store,Electronics,167.81,1,0.10,151.03,0,5
ORD-01641,2025-04-15,CUST-0094,Northeast,Mobile,Electronics,215.26,2,0.00,430.53,0,6
ORD-01642,2025-05-03,CUST-0128,Northeast,Web,Beauty,25.04,1,0.05,23.78,0,4
ORD-01643,2025-11-15,CUST-0195,Midwest,Web,Home,56.80,1,0.05,53.96,0,4
ORD-01644,2025-05-23,CUST-0564,South,Store,Beauty,26.56,1,0.05,25.23,0,1
ORD-01645,2025-06-10,CUST-0864,Northeast,Web,Apparel,31.34,1,0.30,21.94,1,4
ORD-01646,2025-10-23,CUST-0040,West,Web,Electronics,144.50,1,0.00,144.50,0,3
ORD-01647,2025-03-30,CUST-0227,South,Store,Beauty,43.47,5,0.05,206.48,0,4
ORD-01648,2025-01-15,CUST-0123,South,Mobile,Home,68.70,2,0.10,123.67,1,4
ORD-01649,2025-07-16,CUST-0163,West,Web,Apparel,61.77,2,0.20,98.82,0,3
ORD-01650,2025-12-25,CUST-0496,Midwest,Web,Beauty,32.18,1,0.20,25.75,0,3
ORD-01651,2025-09-15,CUST-0778,South,Store,Apparel,54.94,1,0.10,49.45,0,1
ORD-01652,2025-10-07,CUST-0035,West,Mobile,Outdoors,83.53,2,0.15,142.01,1,6
ORD-01653,2025-11-16,CUST-0667,Midwest,Store,Outdoors,74.60,1,0.15,63.41,0,1
ORD-01654,2025-10-10,CUST-0704,West,Web,Apparel,65.62,2,0.15,111.55,0,3
ORD-01655,2025-11-25,CUST-0275,Northeast,Web,Outdoors,62.61,5,0.20,250.45,1,5
ORD-01656,2025-07-03,CUST-0220,West,Mobile,Outdoors,94.78,5,0.00,473.90,0,4
ORD-01657,2025-11-28,CUST-0462,West,Web,Home,51.13,1,0.00,51.13,0,6
ORD-01658,2025-11-09,CUST-0329,South,Store,Outdoors,48.68,3,0.05,138.74,0,1
ORD-01659,2025-03-20,CUST-0152,Northeast,Mobile,Electronics,152.18,2,0.15,258.70,0,5
ORD-01660,2025-10-25,CUST-0454,Northeast,Web,Electronics,123.86,4,0.10,445.90,0,4
ORD-01661,2025-12-29,CUST-0881,Midwest,Web,Home,70.02,2,0.15,119.04,0,6
ORD-01662,2025-01-23,CUST-0616,West,Web,Beauty,44.85,1,0.15,38.12,0,2
ORD-01663,2025-07-27,CUST-0136,West,Web,Apparel,34.23,2,0.30,47.92,0,1
ORD-01664,2025-12-28,CUST-0341,South,Web,Home,32.07,2,0.20,51.31,0,2
ORD-01665,2025-09-20,CUST-0383,South,Web,Electronics,128.52,1,0.30,89.96,0,1
ORD-01666,2025-02-21,CUST-0097,Northeast,Web,Electronics,167.42,1,0.05,159.05,0,6
ORD-01667,2025-08-21,CUST-0705,West,Web,Electronics,231.87,2,0.30,324.62,1,7
ORD-01668,2025-12-24,CUST-0670,West,Mobile,Beauty,46.66,3,0.00,139.99,0,2
ORD-01669,2025-08-31,CUST-0837,West,Web,Outdoors,88.72,1,0.20,70.98,0,1
ORD-01670,2025-08-21,CUST-0651,Northeast,Web,Home,60.09,4,0.10,216.32,0,1
ORD-01671,2025-05-18,CUST-0162,Northeast,Mobile,Home,56.71,1,0.15,48.20,0,3
ORD-01672,2025-08-13,CUST-0834,South,Mobile,Outdoors,73.05,1,0.00,73.05,0,5
ORD-01673,2025-09-27,CUST-0597,Northeast,Web,Outdoors,66.33,1,0.30,46.43,0,4
ORD-01674,2025-09-02,CUST-0360,South,Web,Apparel,51.28,2,0.00,102.56,0,1
ORD-01675,2025-08-07,CUST-0105,South,Web,Beauty,44.79,3,0.10,120.94,0,3
ORD-01676,2025-11-05,CUST-0608,West,Mobile,Outdoors,101.56,1,0.20,81.25,0,5
ORD-01677,2025-01-29,CUST-0015,Northeast,Web,Beauty,27.18,2,0.10,48.92,0,5
ORD-01678,2025-03-05,CUST-0323,Midwest,Store,Apparel,77.02,2,0.30,107.83,0,1
ORD-01679,2025-10-16,CUST-0706,Northeast,Store,Beauty,31.21,3,0.00,93.62,0,2
ORD-01680,2025-02-28,CUST-0506,South,Web,Beauty,33.52,4,0.15,113.98,0,5
ORD-01681,2025-02-14,CUST-0340,South,Web,Home,33.51,2,0.15,56.97,0,1
ORD-01682,2025-11-23,CUST-0181,South,Store,Home,54.23,1,0.00,54.23,0,2
ORD-01683,2025-02-16,CUST-0111,South,Web,Electronics,153.65,1,0.00,153.65,0,4
ORD-01684,2025-03-05,CUST-0755,Northeast,Store,Electronics,159.67,2,0.10,287.41,0,1
ORD-01685,2025-11-19,CUST-0250,West,Mobile,Home,31.66,5,0.20,126.64,0,3
ORD-01686,2025-05-06,CUST-0381,West,Mobile,Electronics,140.59,1,0.20,112.47,0,6
ORD-01687,2025-06-06,CUST-0286,South,Web,Apparel,34.83,3,0.00,104.50,0,4
ORD-01688,2025-03-02,CUST-0578,Northeast,Web,Beauty,21.50,1,0.15,18.28,0,4
ORD-01689,2025-10-29,CUST-0262,Northeast,Web,Apparel,61.92,2,0.00,123.85,0,7
ORD-01690,2025-03-23,CUST-0754,West,Web,Electronics,170.88,3,0.00,512.64,0,4
ORD-01691,2025-04-29,CUST-0714,Northeast,Mobile,Apparel,55.38,2,0.05,105.23,0,4
ORD-01692,2025-03-27,CUST-0826,South,Store,Outdoors,110.14,2,0.10,198.25,0,1
ORD-01693,2025-05-04,CUST-0876,South,Web,Electronics,79.43,5,0.15,337.59,0,4
ORD-01694,2025-07-06,CUST-0793,Northeast,Store,Apparel,42.91,1,0.05,40.76,0,1
ORD-01695,2025-12-19,CUST-0732,South,Web,Apparel,45.62,1,0.05,43.34,0,4
ORD-01696,2025-06-25,CUST-0879,South,Mobile,Apparel,46.46,2,0.00,92.92,0,4
ORD-01697,2025-07-31,CUST-0327,South,Web,Home,59.10,1,0.05,56.15,0,1
ORD-01698,2025-12-10,CUST-0184,Midwest,Mobile,Home,56.39,3,0.05,160.72,0,5
ORD-01699,2025-07-06,CUST-0308,West,Store,Home,49.22,2,0.05,93.51,1,2
ORD-01700,2025-05-03,CUST-0062,Northeast,Web,Beauty,51.75,2,0.00,103.50,0,3
ORD-01701,2025-08-11,CUST-0858,Northeast,Store,Electronics,144.67,2,0.15,245.95,0,2
ORD-01702,2025-07-25,CUST-0737,West,Store,Outdoors,81.10,2,0.10,145.98,0,5
ORD-01703,2025-07-26,CUST-0367,South,Web,Home,80.63,1,0.00,80.63,0,7
ORD-01704,2025-07-01,CUST-0271,Northeast,Mobile,Outdoors,89.44,1,0.05,84.96,1,3
ORD-01705,2025-08-06,CUST-0736,Northeast,Store,Electronics,141.34,3,0.15,360.43,0,3
ORD-01706,2025-03-19,CUST-0804,West,Web,Apparel,46.25,2,0.15,78.62,1,6
ORD-01707,2025-02-18,CUST-0442,West,Web,Home,35.93,4,0.20,114.97,1,3
ORD-01708,2025-09-29,CUST-0035,West,Web,Home,49.35,2,0.05,93.77,0,2
ORD-01709,2025-11-15,CUST-0432,Midwest,Web,Apparel,62.95,2,0.05,119.61,0,2
ORD-01710,2025-11-24,CUST-0601,Midwest,Web,Outdoors,61.36,1,0.10,55.22,0,2
ORD-01711,2025-12-30,CUST-0599,Northeast,Web,Electronics,118.92,1,0.05,112.97,0,4
ORD-01712,2025-10-20,CUST-0376,West,Mobile,Beauty,23.67,4,0.00,94.67,0,6
ORD-01713,2025-04-25,CUST-0767,Northeast,Web,Apparel,52.17,1,0.05,49.56,1,7
ORD-01714,2025-07-29,CUST-0822,West,Web,Beauty,40.98,1,0.30,28.69,0,4
ORD-01715,2025-12-20,CUST-0184,South,Mobile,Apparel,39.08,5,0.00,195.38,0,5
ORD-01716,2025-07-28,CUST-0787,West,Mobile,Outdoors,90.46,1,0.10,81.41,0,3
ORD-01717,2025-08-08,CUST-0603,South,Mobile,Electronics,119.15,1,0.00,119.15,0,4
ORD-01718,2025-12-01,CUST-0698,West,Store,Beauty,12.19,3,0.05,34.74,0,1
ORD-01719,2025-01-04,CUST-0655,South,Store,Outdoors,101.73,2,0.10,183.12,1,1
ORD-01720,2025-02-06,CUST-0865,South,Web,Outdoors,83.27,2,0.10,149.88,0,2
ORD-01721,2025-01-09,CUST-0514,West,Web,Home,56.53,1,0.00,56.53,0,3
ORD-01722,2025-07-15,CUST-0898,West,Store,Electronics,93.01,1,0.00,93.01,0,1
ORD-01723,2025-03-15,CUST-0788,West,Web,Electronics,104.52,1,0.10,94.07,0,3
ORD-01724,2025-04-16,CUST-0669,West,Mobile,Outdoors,107.52,1,0.05,102.15,0,2
ORD-01725,2025-11-23,CUST-0888,Midwest,Web,Outdoors,93.16,3,0.10,251.52,1,4
ORD-01726,2025-12-07,CUST-0781,West,Web,Beauty,27.72,4,0.10,99.78,0,4
ORD-01727,2025-09-29,CUST-0746,Northeast,Mobile,Electronics,129.35,1,0.30,90.55,0,4
ORD-01728,2025-12-31,CUST-0390,Northeast,Mobile,Outdoors,72.71,4,0.10,261.74,0,4
ORD-01729,2025-01-30,CUST-0266,South,Mobile,Electronics,217.89,1,0.00,217.89,0,2
ORD-01730,2025-05-29,CUST-0281,South,Web,Electronics,175.43,1,0.10,157.89,1,6
ORD-01731,2025-06-23,CUST-0421,Midwest,Web,Electronics,143.37,1,0.00,143.37,0,4
ORD-01732,2025-06-09,CUST-0007,South,Store,Apparel,19.59,1,0.15,16.65,0,1
ORD-01733,2025-07-01,CUST-0418,South,Store,Home,60.32,1,0.00,60.32,0,1
ORD-01734,2025-05-01,CUST-0748,West,Mobile,Beauty,39.80,1,0.20,31.84,0,5
ORD-01735,2025-10-11,CUST-0297,Northeast,Web,Home,60.24,1,0.00,60.24,0,5
ORD-01736,2025-08-25,CUST-0368,Northeast,Store,Beauty,36.88,5,0.10,165.98,0,3
ORD-01737,2025-06-05,CUST-0046,South,Mobile,Electronics,179.89,2,0.15,305.80,0,2
ORD-01738,2025-05-06,CUST-0035,Northeast,Mobile,Apparel,31.46,4,0.30,88.09,1,3
ORD-01739,2025-01-13,CUST-0894,West,Store,Outdoors,86.30,3,0.00,258.89,0,3
ORD-01740,2025-10-23,CUST-0509,West,Web,Outdoors,27.04,4,0.15,91.95,0,6
ORD-01741,2025-05-05,CUST-0650,Northeast,Web,Electronics,153.50,1,0.05,145.83,0,4
ORD-01742,2025-02-26,CUST-0269,Northeast,Mobile,Outdoors,83.50,3,0.10,225.46,0,2
ORD-01743,2025-12-13,CUST-0601,South,Mobile,Apparel,52.83,2,0.05,100.37,0,4
ORD-01744,2025-07-18,CUST-0359,West,Mobile,Home,48.00,2,0.00,96.01,0,2
ORD-01745,2025-10-21,CUST-0121,West,Mobile,Home,38.94,1,0.20,31.15,0,4
ORD-01746,2025-02-09,CUST-0219,Northeast,Web,Outdoors,99.42,1,0.00,99.42,0,2
ORD-01747,2025-02-23,CUST-0332,Midwest,Web,Outdoors,119.54,1,0.10,107.59,0,4
ORD-01748,2025-01-19,CUST-0293,South,Web,Electronics,162.44,1,0.10,146.20,0,7
ORD-01749,2025-05-03,CUST-0330,Northeast,Mobile,Electronics,237.93,1,0.30,166.55,1,2
ORD-01750,2025-10-29,CUST-0226,Northeast,Web,Electronics,208.97,1,0.30,146.28,0,1
ORD-01751,2025-08-29,CUST-0039,West,Web,Home,35.52,3,0.05,101.23,0,4
ORD-01752,2025-12-19,CUST-0661,South,Store,Beauty,26.35,3,0.15,67.18,0,3
ORD-01753,2025-08-29,CUST-0023,Northeast,Store,Electronics,185.42,2,0.10,333.76,0,1
ORD-01754,2025-06-29,CUST-0178,South,Web,Beauty,34.37,2,0.20,54.98,0,3
ORD-01755,2025-12-01,CUST-0627,Midwest,Web,Outdoors,84.07,2,0.15,142.92,0,3
ORD-01756,2025-04-02,CUST-0205,South,Mobile,Beauty,34.33,1,0.20,27.46,0,6
ORD-01757,2025-06-24,CUST-0670,Northeast,Mobile,Home,25.35,2,0.20,40.57,0,7
ORD-01758,2025-03-26,CUST-0235,Northeast,Mobile,Beauty,24.76,1,0.10,22.29,0,2
ORD-01759,2025-11-26,CUST-0359,Northeast,Web,Home,55.90,1,0.00,55.90,0,5
ORD-01760,2025-09-13,CUST-0052,South,Mobile,Apparel,34.43,2,0.10,61.97,0,3
ORD-01761,2025-02-23,CUST-0501,Midwest,Mobile,Home,31.84,1,0.10,28.65,0,1
ORD-01762,2025-02-09,CUST-0429,Northeast,Web,Beauty,28.44,2,0.00,56.88,1,8
ORD-01763,2025-11-18,CUST-0405,West,Mobile,Home,37.59,1,0.00,37.59,0,6
ORD-01764,2025-08-27,CUST-0448,South,Mobile,Outdoors,20.80,2,0.10,37.45,0,6
ORD-01765,2025-07-27,CUST-0194,Northeast,Store,Apparel,50.90,2,0.15,86.53,0,4
ORD-01766,2025-03-17,CUST-0353,Midwest,Web,Electronics,87.96,1,0.10,79.16,0,4
ORD-01767,2025-10-06,CUST-0859,Northeast,Mobile,Beauty,22.30,1,0.10,20.07,0,5
ORD-01768,2025-05-11,CUST-0175,South,Mobile,Home,72.72,1,0.00,72.72,0,4
ORD-01769,2025-05-25,CUST-0826,South,Mobile,Home,49.68,3,0.10,134.14,1,6
ORD-01770,2025-05-08,CUST-0487,West,Store,Outdoors,58.71,1,0.00,58.71,0,5
ORD-01771,2025-08-21,CUST-0878,Northeast,Web,Electronics,134.51,2,0.00,269.01,0,5
ORD-01772,2025-03-26,CUST-0045,South,Store,Home,105.63,1,0.15,89.79,0,2
ORD-01773,2025-04-23,CUST-0163,South,Store,Apparel,50.24,1,0.00,50.24,0,1
ORD-01774,2025-09-09,CUST-0015,West,Web,Apparel,14.83,2,0.20,23.73,1,4
ORD-01775,2025-05-16,CUST-0388,West,Mobile,Outdoors,33.81,2,0.00,67.63,0,7
ORD-01776,2025-02-14,CUST-0402,West,Mobile,Apparel,63.05,2,0.20,100.88,1,3
ORD-01777,2025-07-12,CUST-0345,Midwest,Web,Home,48.48,1,0.15,41.20,0,3
ORD-01778,2025-11-03,CUST-0432,West,Mobile,Home,68.76,2,0.00,137.52,0,1
ORD-01779,2025-11-30,CUST-0864,Northeast,Mobile,Outdoors,73.71,1,0.30,51.60,0,4
ORD-01780,2025-07-29,CUST-0612,West,Mobile,Electronics,120.10,3,0.00,360.30,0,1
ORD-01781,2025-07-08,CUST-0043,West,Store,Outdoors,55.62,2,0.05,105.67,0,3
ORD-01782,2025-03-19,CUST-0883,Midwest,Store,Apparel,45.95,2,0.20,73.52,0,3
ORD-01783,2025-03-05,CUST-0251,West,Store,Apparel,31.17,1,0.15,26.50,0,1
ORD-01784,2025-07-14,CUST-0226,South,Mobile,Home,36.10,1,0.05,34.29,0,4
ORD-01785,2025-04-06,CUST-0752,Northeast,Web,Beauty,49.25,1,0.00,49.25,0,1
ORD-01786,2025-05-11,CUST-0613,Midwest,Mobile,Apparel,55.75,2,0.00,111.50,0,4
ORD-01787,2025-10-03,CUST-0841,South,Mobile,Apparel,85.21,4,0.00,340.83,0,3
ORD-01788,2025-09-19,CUST-0743,Northeast,Web,Apparel,56.15,2,0.10,101.07,0,4
ORD-01789,2025-11-21,CUST-0753,Northeast,Web,Apparel,46.87,1,0.05,44.53,1,3
ORD-01790,2025-04-12,CUST-0408,West,Web,Outdoors,67.97,1,0.05,64.57,0,2
ORD-01791,2025-02-16,CUST-0618,Northeast,Web,Outdoors,87.26,1,0.10,78.53,0,6
ORD-01792,2025-10-03,CUST-0602,Northeast,Mobile,Home,55.38,2,0.05,105.22,0,6
ORD-01793,2025-10-24,CUST-0460,South,Mobile,Apparel,55.08,1,0.15,46.82,0,6
ORD-01794,2025-06-11,CUST-0688,West,Store,Electronics,112.24,1,0.15,95.41,1,5
ORD-01795,2025-01-27,CUST-0740,Northeast,Mobile,Apparel,29.07,3,0.20,69.77,0,2
ORD-01796,2025-09-23,CUST-0590,South,Mobile,Beauty,41.12,1,0.10,37.00,0,3
ORD-01797,2025-10-09,CUST-0771,South,Mobile,Beauty,10.11,1,0.10,9.10,0,3
ORD-01798,2025-05-05,CUST-0721,West,Mobile,Home,52.61,3,0.00,157.84,0,2
ORD-01799,2025-08-05,CUST-0234,Northeast,Web,Electronics,126.66,2,0.10,227.99,0,1
ORD-01800,2025-06-11,CUST-0629,South,Store,Outdoors,120.37,1,0.30,84.26,0,3
ORD-01801,2025-11-12,CUST-0158,South,Store,Electronics,201.36,4,0.05,765.18,0,1
ORD-01802,2025-11-24,CUST-0178,South,Web,Apparel,67.19,3,0.15,171.34,0,6
ORD-01803,2025-10-14,CUST-0869,West,Mobile,Beauty,46.96,1,0.00,46.96,0,7
ORD-01804,2025-02-23,CUST-0133,South,Mobile,Apparel,18.34,1,0.00,18.34,0,6
ORD-01805,2025-07-21,CUST-0531,South,Web,Outdoors,84.73,2,0.20,135.56,0,1
ORD-01806,2025-10-06,CUST-0678,Northeast,Web,Beauty,27.95,3,0.15,71.28,0,5
ORD-01807,2025-06-27,CUST-0046,Northeast,Mobile,Home,57.00,1,0.15,48.45,0,2
ORD-01808,2025-12-18,CUST-0002,West,Web,Beauty,23.75,1,0.30,16.62,1,6
ORD-01809,2025-08-09,CUST-0491,South,Mobile,Outdoors,99.83,1,0.00,99.83,0,4
ORD-01810,2025-05-10,CUST-0642,Midwest,Web,Apparel,43.32,1,0.00,43.32,0,8
ORD-01811,2025-12-31,CUST-0403,South,Mobile,Electronics,152.53,2,0.00,305.05,0,6
ORD-01812,2025-07-09,CUST-0513,Midwest,Web,Electronics,98.09,1,0.10,88.28,0,1
ORD-01813,2025-05-09,CUST-0371,West,Store,Outdoors,71.75,4,0.30,200.90,0,2
ORD-01814,2025-04-01,CUST-0166,West,Web,Beauty,42.96,5,0.10,193.30,0,5
ORD-01815,2025-09-29,CUST-0850,West,Store,Outdoors,45.48,1,0.20,36.38,0,2
ORD-01816,2025-11-01,CUST-0689,Northeast,Mobile,Home,64.17,1,0.30,44.92,0,2
ORD-01817,2025-01-23,CUST-0651,South,Store,Home,62.00,3,0.00,186.01,0,1
ORD-01818,2025-04-08,CUST-0210,South,Store,Outdoors,65.34,1,0.15,55.54,0,1
ORD-01819,2025-08-30,CUST-0796,West,Mobile,Outdoors,65.04,4,0.00,260.15,1,7
ORD-01820,2025-02-10,CUST-0732,South,Web,Outdoors,93.13,1,0.10,83.82,0,2
ORD-01821,2025-04-16,CUST-0441,Northeast,Store,Beauty,33.73,1,0.15,28.67,0,3
ORD-01822,2025-03-04,CUST-0323,Midwest,Store,Apparel,44.46,1,0.05,42.24,0,1
ORD-01823,2025-06-12,CUST-0552,West,Web,Beauty,39.64,2,0.00,79.28,1,5
ORD-01824,2025-04-25,CUST-0052,Northeast,Mobile,Apparel,59.24,1,0.00,59.24,1,6
ORD-01825,2025-12-21,CUST-0333,West,Store,Outdoors,96.63,3,0.30,202.93,0,1
ORD-01826,2025-03-04,CUST-0133,Northeast,Store,Beauty,35.47,1,0.05,33.70,0,1
ORD-01827,2025-10-25,CUST-0069,South,Web,Electronics,158.60,1,0.20,126.88,0,7
ORD-01828,2025-08-16,CUST-0896,Northeast,Web,Electronics,199.11,1,0.15,169.24,0,4
ORD-01829,2025-03-11,CUST-0844,South,Mobile,Electronics,243.77,1,0.00,243.77,0,5
ORD-01830,2025-06-19,CUST-0749,South,Mobile,Apparel,53.76,1,0.10,48.38,0,8
ORD-01831,2025-01-28,CUST-0686,Northeast,Web,Home,65.24,1,0.10,58.71,0,1
ORD-01832,2025-12-04,CUST-0377,Northeast,Store,Outdoors,53.43,2,0.15,90.83,0,1
ORD-01833,2025-10-14,CUST-0899,South,Web,Outdoors,66.15,3,0.05,188.52,0,7
ORD-01834,2025-02-12,CUST-0383,Midwest,Web,Apparel,29.05,2,0.15,49.39,1,6
ORD-01835,2025-07-16,CUST-0771,Midwest,Mobile,Electronics,41.43,1,0.15,35.22,1,6
ORD-01836,2025-01-21,CUST-0476,Northeast,Web,Home,59.44,2,0.20,95.10,0,4
ORD-01837,2025-11-08,CUST-0651,South,Web,Beauty,34.80,5,0.05,165.30,0,3
ORD-01838,2025-11-26,CUST-0277,West,Web,Home,68.89,1,0.20,55.11,0,7
ORD-01839,2025-05-04,CUST-0857,Northeast,Mobile,Home,73.34,2,0.10,132.00,1,4
ORD-01840,2025-05-23,CUST-0241,Northeast,Mobile,Electronics,157.52,1,0.00,157.52,0,4
ORD-01841,2025-11-19,CUST-0180,Midwest,Mobile,Home,49.76,1,0.15,42.30,0,4
ORD-01842,2025-07-29,CUST-0143,West,Store,Electronics,215.08,1,0.10,193.57,0,1
ORD-01843,2025-02-06,CUST-0347,South,Web,Outdoors,89.86,2,0.20,143.77,0,5
ORD-01844,2025-10-24,CUST-0191,Northeast,Mobile,Outdoors,81.52,2,0.00,163.05,0,1
ORD-01845,2025-09-24,CUST-0707,South,Web,Outdoors,101.41,1,0.10,91.27,0,2
ORD-01846,2025-03-30,CUST-0656,South,Web,Outdoors,54.60,1,0.05,51.87,1,5
ORD-01847,2025-12-08,CUST-0180,Midwest,Web,Outdoors,107.99,2,0.05,205.18,0,6
ORD-01848,2025-03-06,CUST-0829,South,Store,Apparel,26.69,2,0.10,48.03,0,2
ORD-01849,2025-02-12,CUST-0197,West,Store,Beauty,39.39,1,0.05,37.42,0,1
ORD-01850,2025-11-27,CUST-0865,West,Store,Outdoors,102.19,1,0.15,86.86,0,2
ORD-01851,2025-08-16,CUST-0665,Northeast,Web,Home,69.11,1,0.10,62.20,0,4
ORD-01852,2025-07-09,CUST-0826,South,Mobile,Home,69.81,1,0.00,69.81,0,1
ORD-01853,2025-04-01,CUST-0300,West,Store,Outdoors,87.99,1,0.00,87.99,0,1
ORD-01854,2025-04-10,CUST-0740,South,Web,Electronics,179.14,1,0.00,179.14,0,1
ORD-01855,2025-03-26,CUST-0244,West,Store,Beauty,29.61,1,0.15,25.16,0,5
ORD-01856,2025-04-03,CUST-0580,Midwest,Web,Beauty,37.78,1,0.00,37.78,0,2
ORD-01857,2025-12-20,CUST-0785,Midwest,Mobile,Outdoors,53.46,3,0.15,136.32,0,4
ORD-01858,2025-12-30,CUST-0110,West,Web,Apparel,57.28,5,0.05,272.10,0,5
ORD-01859,2025-04-21,CUST-0614,Northeast,Web,Outdoors,54.78,1,0.20,43.82,1,6
ORD-01860,2025-12-26,CUST-0806,Northeast,Mobile,Home,39.33,3,0.00,117.98,1,3
ORD-01861,2025-09-18,CUST-0811,Midwest,Web,Apparel,32.37,1,0.00,32.37,0,7
ORD-01862,2025-07-17,CUST-0134,West,Web,Electronics,198.98,1,0.05,189.03,0,5
ORD-01863,2025-12-13,CUST-0688,West,Web,Beauty,33.89,1,0.20,27.11,0,3
ORD-01864,2025-01-26,CUST-0414,Midwest,Web,Beauty,25.84,5,0.00,129.18,0,4
ORD-01865,2025-01-08,CUST-0403,Midwest,Web,Electronics,136.34,3,0.30,286.32,0,5
ORD-01866,2025-05-10,CUST-0303,Northeast,Mobile,Outdoors,116.45,1,0.30,81.51,0,3
ORD-01867,2025-12-10,CUST-0085,Midwest,Store,Outdoors,73.68,3,0.20,176.82,0,2
ORD-01868,2025-09-10,CUST-0254,West,Mobile,Outdoors,45.27,2,0.05,86.02,0,4
ORD-01869,2025-05-06,CUST-0326,West,Mobile,Beauty,34.61,1,0.15,29.42,0,4
ORD-01870,2025-10-14,CUST-0883,West,Store,Apparel,48.17,2,0.05,91.52,1,2
ORD-01871,2025-07-31,CUST-0110,West,Mobile,Beauty,39.27,5,0.00,196.33,0,4
ORD-01872,2025-12-18,CUST-0877,South,Mobile,Home,34.40,2,0.10,61.92,0,3
ORD-01873,2025-11-21,CUST-0650,Northeast,Web,Apparel,54.64,3,0.00,163.93,0,6
ORD-01874,2025-04-08,CUST-0558,West,Web,Apparel,65.18,2,0.00,130.36,0,5
ORD-01875,2025-10-17,CUST-0551,Midwest,Store,Electronics,137.65,3,0.15,351.00,0,1
ORD-01876,2025-02-12,CUST-0727,West,Mobile,Apparel,29.36,1,0.05,27.89,0,4
ORD-01877,2025-11-26,CUST-0651,South,Store,Outdoors,69.59,2,0.20,111.35,0,2
ORD-01878,2025-04-05,CUST-0788,Midwest,Store,Beauty,18.13,1,0.05,17.22,0,1
ORD-01879,2025-01-14,CUST-0421,West,Store,Home,45.87,1,0.00,45.87,0,2
ORD-01880,2025-09-06,CUST-0025,Northeast,Web,Beauty,31.67,1,0.10,28.51,0,5
ORD-01881,2025-12-08,CUST-0394,Northeast,Web,Electronics,163.14,3,0.30,342.59,0,3
ORD-01882,2025-09-25,CUST-0313,Northeast,Web,Outdoors,91.70,3,0.30,192.57,0,3
ORD-01883,2025-05-15,CUST-0733,Northeast,Mobile,Apparel,34.84,5,0.00,174.22,0,2
ORD-01884,2025-10-09,CUST-0256,South,Mobile,Outdoors,58.08,2,0.20,92.93,0,6
ORD-01885,2025-06-12,CUST-0290,West,Mobile,Home,70.25,2,0.15,119.43,0,3
ORD-01886,2025-01-27,CUST-0008,South,Store,Beauty,49.11,3,0.10,132.61,0,1
ORD-01887,2025-04-10,CUST-0490,Midwest,Mobile,Apparel,47.59,2,0.15,80.91,0,4
ORD-01888,2025-02-26,CUST-0536,West,Mobile,Electronics,138.54,1,0.15,117.76,0,3
ORD-01889,2025-08-08,CUST-0672,South,Web,Apparel,51.64,2,0.00,103.29,0,5
ORD-01890,2025-10-27,CUST-0665,Northeast,Web,Apparel,38.79,1,0.05,36.85,0,3
ORD-01891,2025-05-27,CUST-0502,South,Store,Apparel,19.77,2,0.30,27.68,0,1
ORD-01892,2025-02-23,CUST-0544,West,Mobile,Apparel,55.37,2,0.00,110.74,0,3
ORD-01893,2025-08-07,CUST-0013,Northeast,Web,Electronics,118.44,5,0.00,592.21,0,7
ORD-01894,2025-07-03,CUST-0800,South,Web,Home,90.60,4,0.15,308.03,1,5
ORD-01895,2025-12-20,CUST-0208,South,Mobile,Home,60.78,1,0.00,60.78,0,5
ORD-01896,2025-08-11,CUST-0889,Midwest,Web,Beauty,30.42,1,0.10,27.37,0,8
ORD-01897,2025-01-03,CUST-0173,South,Mobile,Apparel,35.31,1,0.00,35.31,0,1
ORD-01898,2025-02-09,CUST-0825,South,Web,Electronics,179.13,1,0.20,143.30,0,4
ORD-01899,2025-10-01,CUST-0806,Midwest,Web,Home,50.52,1,0.05,47.99,0,4
ORD-01900,2025-07-06,CUST-0643,South,Web,Electronics,125.25,1,0.10,112.73,0,4
ORD-01901,2025-12-22,CUST-0850,Midwest,Mobile,Home,64.47,1,0.00,64.47,0,3
ORD-01902,2025-02-25,CUST-0427,West,Mobile,Apparel,69.60,1,0.10,62.64,1,3
ORD-01903,2025-02-13,CUST-0144,Midwest,Web,Home,55.52,1,0.20,44.42,0,5
ORD-01904,2025-08-08,CUST-0587,South,Mobile,Electronics,131.78,3,0.10,355.80,0,6
ORD-01905,2025-11-17,CUST-0115,Midwest,Web,Outdoors,87.22,1,0.05,82.86,0,2
ORD-01906,2025-05-19,CUST-0078,West,Mobile,Apparel,38.05,1,0.10,34.24,0,7
ORD-01907,2025-12-07,CUST-0027,Midwest,Mobile,Home,67.16,1,0.05,63.80,0,6
ORD-01908,2025-10-25,CUST-0196,Midwest,Store,Home,28.00,1,0.00,28.00,0,2
ORD-01909,2025-06-08,CUST-0788,West,Store,Beauty,33.24,2,0.10,59.84,0,3
ORD-01910,2025-04-25,CUST-0613,South,Mobile,Apparel,47.03,4,0.00,188.12,1,3
ORD-01911,2025-07-13,CUST-0248,West,Web,Electronics,138.05,1,0.10,124.24,0,5
ORD-01912,2025-08-12,CUST-0203,West,Web,Home,58.35,1,0.00,58.35,0,5
ORD-01913,2025-10-11,CUST-0328,Northeast,Store,Outdoors,86.02,2,0.15,146.23,0,1
ORD-01914,2025-12-06,CUST-0578,Midwest,Web,Electronics,165.20,1,0.10,148.68,0,7
ORD-01915,2025-10-03,CUST-0587,West,Store,Electronics,162.50,1,0.00,162.50,0,1
ORD-01916,2025-01-31,CUST-0192,Midwest,Web,Beauty,25.93,3,0.00,77.78,0,6
ORD-01917,2025-11-06,CUST-0171,Northeast,Web,Beauty,46.32,2,0.00,92.64,0,3
ORD-01918,2025-01-03,CUST-0720,South,Store,Apparel,58.03,3,0.10,156.68,0,2
ORD-01919,2025-01-23,CUST-0487,South,Store,Beauty,45.12,4,0.30,126.32,0,2
ORD-01920,2025-08-22,CUST-0753,Northeast,Store,Beauty,43.37,1,0.10,39.03,0,4
ORD-01921,2025-12-31,CUST-0045,South,Store,Outdoors,101.12,2,0.00,202.24,0,1
ORD-01922,2025-10-25,CUST-0464,Midwest,Mobile,Apparel,41.95,3,0.10,113.25,0,5
ORD-01923,2025-09-21,CUST-0247,South,Mobile,Beauty,43.84,1,0.10,39.45,1,5
ORD-01924,2025-12-28,CUST-0897,Northeast,Web,Home,26.15,2,0.05,49.69,0,4
ORD-01925,2025-07-30,CUST-0147,West,Web,Home,39.20,3,0.00,117.60,0,6
ORD-01926,2025-01-18,CUST-0517,Northeast,Web,Home,77.23,1,0.10,69.51,0,6
ORD-01927,2025-08-25,CUST-0026,Midwest,Store,Beauty,38.91,1,0.10,35.02,0,1
ORD-01928,2025-02-04,CUST-0736,Northeast,Store,Apparel,69.94,1,0.10,62.95,0,5
ORD-01929,2025-11-06,CUST-0008,Northeast,Web,Electronics,112.74,1,0.10,101.46,0,3
ORD-01930,2025-08-14,CUST-0219,Northeast,Store,Outdoors,85.73,1,0.10,77.16,0,1
ORD-01931,2025-01-09,CUST-0547,Midwest,Web,Beauty,36.59,1,0.10,32.93,0,3
ORD-01932,2025-07-03,CUST-0590,West,Mobile,Electronics,118.98,1,0.10,107.08,0,6
ORD-01933,2025-09-10,CUST-0482,Northeast,Mobile,Beauty,34.64,5,0.10,155.88,0,7
ORD-01934,2025-08-04,CUST-0842,Midwest,Web,Electronics,130.02,1,0.10,117.02,1,2
ORD-01935,2025-07-30,CUST-0107,Northeast,Web,Home,41.32,4,0.00,165.28,0,3
ORD-01936,2025-01-27,CUST-0099,Midwest,Store,Beauty,34.17,1,0.15,29.04,0,1
ORD-01937,2025-03-16,CUST-0646,South,Store,Home,58.09,5,0.15,246.86,0,1
ORD-01938,2025-11-24,CUST-0635,West,Web,Apparel,41.24,1,0.00,41.24,1,3
ORD-01939,2025-11-07,CUST-0630,Midwest,Web,Outdoors,77.10,2,0.20,123.36,0,4
ORD-01940,2025-01-03,CUST-0101,South,Store,Apparel,42.76,2,0.00,85.53,0,2
ORD-01941,2025-05-30,CUST-0706,South,Store,Electronics,126.64,5,0.05,601.53,0,1
ORD-01942,2025-06-02,CUST-0638,West,Mobile,Home,49.66,2,0.00,99.32,0,5
ORD-01943,2025-03-14,CUST-0346,South,Web,Beauty,30.20,2,0.05,57.38,0,5
ORD-01944,2025-07-01,CUST-0501,West,Mobile,Apparel,55.20,1,0.20,44.16,0,3
ORD-01945,2025-11-24,CUST-0221,West,Web,Electronics,85.46,1,0.20,68.36,0,3
ORD-01946,2025-10-07,CUST-0732,Midwest,Mobile,Beauty,33.02,1,0.15,28.07,1,7
ORD-01947,2025-09-25,CUST-0070,Northeast,Store,Beauty,43.50,1,0.00,43.50,0,1
ORD-01948,2025-12-27,CUST-0871,Northeast,Mobile,Electronics,149.81,1,0.20,119.85,0,3
ORD-01949,2025-02-11,CUST-0655,Midwest,Web,Outdoors,70.21,1,0.00,70.21,0,5
ORD-01950,2025-04-22,CUST-0466,Midwest,Store,Outdoors,97.33,2,0.00,194.66,0,3
ORD-01951,2025-08-31,CUST-0249,West,Web,Apparel,54.64,2,0.00,109.28,0,1
ORD-01952,2025-07-26,CUST-0792,South,Mobile,Apparel,55.52,2,0.10,99.93,0,5
ORD-01953,2025-11-08,CUST-0129,Northeast,Mobile,Outdoors,85.80,1,0.10,77.22,0,5
ORD-01954,2025-05-25,CUST-0805,South,Web,Apparel,57.77,4,0.05,219.51,1,7
ORD-01955,2025-01-17,CUST-0290,Northeast,Web,Apparel,36.25,2,0.10,65.24,0,3
ORD-01956,2025-12-27,CUST-0361,South,Mobile,Beauty,37.53,1,0.15,31.90,1,4
ORD-01957,2025-01-08,CUST-0808,West,Store,Outdoors,101.02,2,0.00,202.03,0,1
ORD-01958,2025-08-23,CUST-0529,Northeast,Web,Electronics,191.39,1,0.10,172.25,0,9
ORD-01959,2025-04-12,CUST-0374,West,Web,Electronics,160.92,1,0.15,136.78,0,2
ORD-01960,2025-12-14,CUST-0715,South,Store,Outdoors,46.09,1,0.15,39.17,0,1
ORD-01961,2025-03-24,CUST-0488,South,Web,Electronics,106.69,4,0.05,405.42,0,4
ORD-01962,2025-12-10,CUST-0334,Midwest,Store,Apparel,52.26,5,0.15,222.09,0,3
ORD-01963,2025-11-20,CUST-0273,Northeast,Store,Beauty,30.20,1,0.15,25.67,0,1
ORD-01964,2025-01-01,CUST-0647,Northeast,Mobile,Outdoors,50.56,2,0.00,101.12,0,6
ORD-01965,2025-11-03,CUST-0147,Northeast,Web,Apparel,49.19,1,0.30,34.43,0,2
ORD-01966,2025-09-05,CUST-0055,South,Web,Beauty,22.35,1,0.20,17.88,0,3
ORD-01967,2025-11-21,CUST-0639,West,Store,Apparel,52.66,1,0.00,52.66,0,1
ORD-01968,2025-03-17,CUST-0478,West,Web,Home,41.52,3,0.10,112.12,0,4
ORD-01969,2025-08-06,CUST-0148,West,Mobile,Beauty,23.09,1,0.30,16.16,0,4
ORD-01970,2025-07-25,CUST-0033,West,Web,Electronics,153.90,1,0.10,138.51,0,3
ORD-01971,2025-12-21,CUST-0042,West,Mobile,Beauty,27.69,2,0.00,55.38,0,9
ORD-01972,2025-11-03,CUST-0563,West,Mobile,Outdoors,63.09,1,0.10,56.78,0,6
ORD-01973,2025-11-30,CUST-0335,Northeast,Web,Beauty,32.42,1,0.00,32.42,0,2
ORD-01974,2025-05-27,CUST-0646,Northeast,Web,Apparel,32.89,1,0.10,29.60,1,4
ORD-01975,2025-12-12,CUST-0537,South,Web,Home,76.69,2,0.05,145.72,0,7
ORD-01976,2025-02-24,CUST-0613,South,Mobile,Apparel,34.31,2,0.20,54.90,1,3
ORD-01977,2025-04-15,CUST-0620,South,Web,Apparel,33.64,2,0.00,67.28,1,7
ORD-01978,2025-01-29,CUST-0287,Midwest,Mobile,Beauty,32.15,1,0.00,32.15,0,3
ORD-01979,2025-10-30,CUST-0359,Northeast,Mobile,Beauty,26.98,1,0.05,25.63,0,9
ORD-01980,2025-01-30,CUST-0547,South,Store,Apparel,42.04,1,0.00,42.04,0,1
ORD-01981,2025-05-12,CUST-0388,South,Web,Electronics,191.77,2,0.05,364.36,0,3
ORD-01982,2025-05-14,CUST-0148,Northeast,Mobile,Beauty,35.15,2,0.30,49.21,0,5
ORD-01983,2025-07-23,CUST-0867,Northeast,Web,Beauty,48.56,1,0.30,33.99,0,3
ORD-01984,2025-09-19,CUST-0542,Northeast,Web,Home,57.75,2,0.00,115.51,0,1
ORD-01985,2025-05-11,CUST-0573,Midwest,Web,Outdoors,118.86,1,0.30,83.20,0,8
ORD-01986,2025-10-02,CUST-0719,South,Mobile,Electronics,160.80,2,0.00,321.59,0,2
ORD-01987,2025-01-25,CUST-0301,West,Mobile,Electronics,104.10,1,0.15,88.48,0,5
ORD-01988,2025-12-17,CUST-0187,Midwest,Web,Home,45.99,2,0.10,82.79,0,3
ORD-01989,2025-01-23,CUST-0223,West,Web,Beauty,35.40,2,0.05,67.26,0,6
ORD-01990,2025-09-02,CUST-0505,West,Store,Outdoors,77.01,2,0.10,138.62,0,1
ORD-01991,2025-06-24,CUST-0875,Northeast,Mobile,Apparel,40.65,1,0.30,28.45,0,4
ORD-01992,2025-08-24,CUST-0583,Midwest,Web,Outdoors,88.02,3,0.05,250.85,0,4
ORD-01993,2025-06-04,CUST-0326,Midwest,Mobile,Beauty,39.53,4,0.05,150.21,0,2
ORD-01994,2025-05-17,CUST-0134,South,Store,Home,80.71,2,0.05,153.35,0,1
ORD-01995,2025-07-18,CUST-0468,Midwest,Mobile,Beauty,26.29,2,0.20,42.06,0,6
ORD-01996,2025-10-26,CUST-0244,South,Web,Outdoors,43.60,5,0.00,218.00,0,4
ORD-01997,2025-06-29,CUST-0753,Northeast,Mobile,Apparel,52.29,2,0.00,104.58,0,6
ORD-01998,2025-11-27,CUST-0340,South,Mobile,Home,85.86,3,0.20,206.06,0,7
ORD-01999,2025-10-27,CUST-0244,Northeast,Web,Beauty,24.51,2,0.00,49.01,0,7
ORD-02000,2025-05-17,CUST-0115,South,Web,Electronics,157.03,2,0.00,314.06,0,2
ORD-02001,2025-06-28,CUST-0045,West,Web,Apparel,33.14,2,0.00,66.29,0,4
ORD-02002,2025-05-03,CUST-0865,Northeast,Web,Home,51.65,3,0.30,108.46,0,2
ORD-02003,2025-08-11,CUST-0895,South,Mobile,Home,39.80,1,0.10,35.82,0,3
ORD-02004,2025-01-27,CUST-0874,Northeast,Web,Apparel,59.32,2,0.05,112.70,0,7
ORD-02005,2025-03-01,CUST-0273,Midwest,Web,Outdoors,93.78,1,0.10,84.40,1,5
ORD-02006,2025-03-18,CUST-0181,South,Web,Outdoors,89.89,2,0.15,152.81,0,5
ORD-02007,2025-03-31,CUST-0021,West,Web,Outdoors,116.08,3,0.20,278.60,0,4
ORD-02008,2025-01-12,CUST-0522,Northeast,Mobile,Home,39.89,2,0.15,67.82,0,6
ORD-02009,2025-10-24,CUST-0054,South,Web,Home,60.38,1,0.10,54.34,0,1
ORD-02010,2025-07-12,CUST-0586,West,Web,Beauty,29.22,3,0.00,87.65,1,3
ORD-02011,2025-03-15,CUST-0029,South,Web,Home,59.32,2,0.15,100.85,0,5
ORD-02012,2025-07-28,CUST-0707,Northeast,Store,Outdoors,119.62,4,0.00,478.47,0,1
ORD-02013,2025-02-14,CUST-0678,Midwest,Web,Apparel,41.19,2,0.20,65.90,0,7
ORD-02014,2025-06-28,CUST-0133,South,Web,Apparel,41.38,1,0.20,33.11,0,2
ORD-02015,2025-11-07,CUST-0839,Midwest,Web,Beauty,45.15,1,0.30,31.61,0,3
ORD-02016,2025-09-08,CUST-0394,Northeast,Web,Beauty,39.28,3,0.10,106.06,0,3
ORD-02017,2025-11-19,CUST-0465,Northeast,Web,Outdoors,100.07,1,0.05,95.07,0,5
ORD-02018,2025-12-27,CUST-0213,Northeast,Web,Outdoors,107.54,1,0.20,86.03,0,3
ORD-02019,2025-05-27,CUST-0171,West,Web,Electronics,133.71,1,0.20,106.97,0,4
ORD-02020,2025-10-13,CUST-0481,Midwest,Web,Home,70.98,1,0.05,67.43,0,4
ORD-02021,2025-05-20,CUST-0580,Northeast,Mobile,Home,53.27,2,0.05,101.21,0,3
ORD-02022,2025-08-31,CUST-0147,Midwest,Web,Apparel,59.24,1,0.10,53.32,0,4
ORD-02023,2025-04-22,CUST-0685,Northeast,Web,Electronics,199.42,4,0.05,757.80,0,8
ORD-02024,2025-06-07,CUST-0411,Midwest,Store,Outdoors,77.82,2,0.20,124.51,0,1
ORD-02025,2025-05-23,CUST-0231,Midwest,Web,Outdoors,46.13,1,0.05,43.82,0,5
ORD-02026,2025-09-04,CUST-0292,West,Web,Beauty,28.10,3,0.20,67.44,0,3
ORD-02027,2025-09-17,CUST-0888,West,Store,Beauty,40.74,1,0.05,38.71,0,1
ORD-02028,2025-11-26,CUST-0882,West,Mobile,Electronics,124.41,2,0.10,223.94,0,10
ORD-02029,2025-02-10,CUST-0683,Midwest,Mobile,Electronics,202.72,4,0.00,810.87,0,5
ORD-02030,2025-03-28,CUST-0796,Midwest,Web,Apparel,36.96,2,0.15,62.82,0,1
ORD-02031,2025-08-14,CUST-0030,South,Store,Electronics,82.62,2,0.10,148.71,0,1
ORD-02032,2025-08-14,CUST-0016,West,Web,Outdoors,80.14,1,0.15,68.12,0,3
ORD-02033,2025-05-31,CUST-0790,South,Web,Apparel,46.62,1,0.00,46.62,0,8
ORD-02034,2025-11-16,CUST-0496,Midwest,Mobile,Beauty,49.83,1,0.00,49.83,0,4
ORD-02035,2025-10-06,CUST-0828,Midwest,Web,Outdoors,79.75,1,0.00,79.75,0,2
ORD-02036,2025-09-24,CUST-0070,Midwest,Web,Apparel,10.39,4,0.30,29.09,0,3
ORD-02037,2025-11-07,CUST-0252,South,Web,Apparel,50.90,1,0.30,35.63,0,5
ORD-02038,2025-07-10,CUST-0227,Midwest,Mobile,Beauty,35.56,3,0.15,90.68,0,6
ORD-02039,2025-07-10,CUST-0511,West,Store,Outdoors,61.39,1,0.10,55.25,0,2
ORD-02040,2025-04-15,CUST-0011,South,Web,Apparel,62.09,1,0.00,62.09,0,6
ORD-02041,2025-09-19,CUST-0706,Midwest,Web,Beauty,35.38,1,0.10,31.84,0,5
ORD-02042,2025-09-08,CUST-0212,Northeast,Web,Outdoors,70.62,2,0.10,127.11,0,2
ORD-02043,2025-03-19,CUST-0771,West,Mobile,Beauty,40.86,1,0.10,36.78,0,4
ORD-02044,2025-10-02,CUST-0479,Northeast,Mobile,Apparel,18.66,2,0.20,29.86,0,7
ORD-02045,2025-09-22,CUST-0264,Midwest,Web,Apparel,47.96,4,0.30,134.30,0,3
ORD-02046,2025-03-17,CUST-0182,Midwest,Web,Home,70.98,3,0.30,149.06,0,3
ORD-02047,2025-01-17,CUST-0642,South,Store,Outdoors,114.55,2,0.10,206.18,0,1
ORD-02048,2025-12-01,CUST-0773,West,Store,Electronics,146.52,1,0.00,146.52,0,2
ORD-02049,2025-07-01,CUST-0852,South,Mobile,Electronics,123.83,4,0.10,445.78,0,6
ORD-02050,2025-10-14,CUST-0455,West,Web,Apparel,46.73,2,0.05,88.78,1,6
ORD-02051,2025-11-12,CUST-0476,West,Store,Apparel,41.33,4,0.20,132.25,0,4
ORD-02052,2025-01-26,CUST-0561,South,Store,Electronics,156.92,1,0.20,125.54,0,1
ORD-02053,2025-02-23,CUST-0194,South,Store,Beauty,51.55,2,0.00,103.11,0,1
ORD-02054,2025-07-21,CUST-0879,Northeast,Web,Electronics,108.47,4,0.10,390.47,0,4
ORD-02055,2025-01-28,CUST-0789,South,Mobile,Beauty,32.39,1,0.00,32.39,0,9
ORD-02056,2025-09-13,CUST-0266,Midwest,Web,Apparel,55.20,1,0.00,55.20,0,5
ORD-02057,2025-04-12,CUST-0581,Midwest,Mobile,Outdoors,74.30,1,0.00,74.30,0,4
ORD-02058,2025-09-23,CUST-0359,Midwest,Store,Electronics,153.66,3,0.00,460.98,0,2
ORD-02059,2025-10-16,CUST-0633,Midwest,Mobile,Outdoors,73.93,4,0.15,251.36,0,5
ORD-02060,2025-07-09,CUST-0027,Midwest,Store,Outdoors,21.82,1,0.05,20.73,0,1
ORD-02061,2025-11-05,CUST-0329,West,Web,Home,54.34,1,0.00,54.34,0,5
ORD-02062,2025-03-30,CUST-0438,South,Web,Beauty,28.66,2,0.05,54.46,0,4
ORD-02063,2025-02-06,CUST-0837,Midwest,Web,Apparel,37.41,1,0.05,35.54,0,2
ORD-02064,2025-01-12,CUST-0810,South,Mobile,Apparel,55.07,1,0.15,46.81,0,6
ORD-02065,2025-04-15,CUST-0313,Midwest,Web,Outdoors,76.51,1,0.10,68.86,0,5
ORD-02066,2025-06-15,CUST-0627,West,Web,Outdoors,93.99,3,0.30,197.38,0,3
ORD-02067,2025-04-30,CUST-0135,Midwest,Web,Outdoors,97.92,2,0.05,186.04,0,4
ORD-02068,2025-08-14,CUST-0417,Northeast,Web,Outdoors,39.57,1,0.10,35.61,0,4
ORD-02069,2025-07-03,CUST-0707,Midwest,Web,Electronics,160.74,1,0.05,152.70,0,5
ORD-02070,2025-11-26,CUST-0319,Northeast,Mobile,Home,92.87,2,0.15,157.87,0,5
ORD-02071,2025-05-12,CUST-0701,West,Mobile,Beauty,18.05,2,0.00,36.10,0,3
ORD-02072,2025-07-25,CUST-0578,Midwest,Store,Outdoors,102.90,2,0.10,185.22,1,3
ORD-02073,2025-05-19,CUST-0673,Midwest,Mobile,Apparel,46.20,3,0.00,138.59,0,3
ORD-02074,2025-01-22,CUST-0530,Midwest,Web,Beauty,31.99,1,0.05,30.39,1,4
ORD-02075,2025-03-10,CUST-0115,Midwest,Mobile,Outdoors,63.88,2,0.15,108.59,0,3
ORD-02076,2025-07-06,CUST-0616,Northeast,Web,Electronics,127.50,1,0.15,108.37,0,2
ORD-02077,2025-02-12,CUST-0369,South,Web,Electronics,192.53,2,0.05,365.81,1,7
ORD-02078,2025-04-28,CUST-0006,West,Web,Home,59.63,1,0.05,56.65,0,7
ORD-02079,2025-05-31,CUST-0040,South,Mobile,Beauty,28.65,2,0.15,48.71,0,3
ORD-02080,2025-03-18,CUST-0317,Northeast,Mobile,Outdoors,55.69,1,0.05,52.91,0,5
ORD-02081,2025-05-02,CUST-0804,Midwest,Mobile,Outdoors,96.95,1,0.10,87.26,1,5
ORD-02082,2025-09-29,CUST-0512,Midwest,Web,Outdoors,116.08,3,0.00,348.23,0,3
ORD-02083,2025-09-12,CUST-0378,Northeast,Store,Home,68.09,2,0.20,108.95,1,1
ORD-02084,2025-11-11,CUST-0536,Midwest,Web,Home,87.82,2,0.10,158.08,0,4
ORD-02085,2025-07-18,CUST-0711,South,Store,Electronics,167.69,3,0.05,477.91,0,3
ORD-02086,2025-02-01,CUST-0590,Midwest,Mobile,Electronics,127.55,2,0.00,255.11,0,4
ORD-02087,2025-05-06,CUST-0876,West,Mobile,Apparel,55.92,2,0.15,95.07,0,5
ORD-02088,2025-09-06,CUST-0535,West,Web,Beauty,35.94,1,0.15,30.55,0,5
ORD-02089,2025-05-22,CUST-0029,Midwest,Web,Outdoors,118.53,2,0.05,225.20,0,6
ORD-02090,2025-05-13,CUST-0151,West,Mobile,Outdoors,67.81,1,0.10,61.03,0,5
ORD-02091,2025-07-24,CUST-0347,West,Web,Beauty,49.70,1,0.00,49.70,0,2
ORD-02092,2025-05-13,CUST-0701,South,Mobile,Electronics,142.97,1,0.20,114.38,1,3
ORD-02093,2025-10-19,CUST-0320,Northeast,Mobile,Outdoors,59.08,1,0.00,59.08,0,5
ORD-02094,2025-09-12,CUST-0296,Midwest,Store,Outdoors,73.98,1,0.20,59.18,0,1
ORD-02095,2025-07-23,CUST-0717,Midwest,Web,Apparel,29.08,2,0.10,52.35,0,4
ORD-02096,2025-12-07,CUST-0133,West,Web,Electronics,117.37,1,0.00,117.37,0,4
ORD-02097,2025-08-24,CUST-0234,Northeast,Mobile,Home,28.41,2,0.05,53.99,0,3
ORD-02098,2025-11-15,CUST-0433,Northeast,Mobile,Home,38.19,1,0.00,38.19,0,1
ORD-02099,2025-06-08,CUST-0201,South,Web,Home,76.78,2,0.00,153.57,0,4
ORD-02100,2025-12-08,CUST-0621,West,Web,Outdoors,114.52,1,0.00,114.52,0,4
ORD-02101,2025-09-22,CUST-0862,Northeast,Web,Electronics,149.91,1,0.00,149.91,0,5
ORD-02102,2025-07-11,CUST-0547,South,Mobile,Home,60.19,4,0.10,216.69,0,1
ORD-02103,2025-03-12,CUST-0340,West,Mobile,Home,52.76,3,0.15,134.55,0,6
ORD-02104,2025-11-01,CUST-0131,West,Mobile,Beauty,28.59,1,0.15,24.30,0,5
ORD-02105,2025-10-03,CUST-0215,South,Mobile,Outdoors,69.82,2,0.00,139.63,0,4
ORD-02106,2025-04-18,CUST-0786,Northeast,Web,Home,40.11,3,0.10,108.31,0,3
ORD-02107,2025-10-28,CUST-0591,Midwest,Mobile,Apparel,40.87,2,0.05,77.66,0,3
ORD-02108,2025-11-01,CUST-0578,Midwest,Web,Beauty,17.76,1,0.15,15.09,0,1
ORD-02109,2025-04-29,CUST-0789,Northeast,Web,Beauty,39.38,2,0.20,63.00,0,3
ORD-02110,2025-03-04,CUST-0851,West,Store,Home,41.85,2,0.10,75.33,0,3
ORD-02111,2025-12-30,CUST-0300,Midwest,Web,Beauty,35.24,1,0.05,33.48,0,6
ORD-02112,2025-04-20,CUST-0322,West,Web,Apparel,22.22,2,0.30,31.11,0,2
ORD-02113,2025-08-30,CUST-0215,Midwest,Store,Apparel,35.21,1,0.30,24.65,1,1
ORD-02114,2025-09-06,CUST-0650,West,Web,Apparel,49.50,2,0.15,84.14,1,6
ORD-02115,2025-09-10,CUST-0172,West,Web,Electronics,128.11,2,0.20,204.98,1,4
ORD-02116,2025-10-28,CUST-0209,Northeast,Mobile,Electronics,136.50,2,0.00,273.01,0,5
ORD-02117,2025-05-25,CUST-0250,West,Web,Beauty,40.76,1,0.00,40.76,0,7
ORD-02118,2025-06-11,CUST-0622,West,Store,Outdoors,56.51,2,0.30,79.12,1,2
ORD-02119,2025-12-01,CUST-0527,South,Store,Beauty,33.34,1,0.00,33.34,0,1
ORD-02120,2025-05-02,CUST-0536,South,Web,Home,72.01,2,0.10,129.62,0,6
ORD-02121,2025-02-10,CUST-0699,Midwest,Mobile,Outdoors,84.26,5,0.05,400.24,0,4
ORD-02122,2025-02-07,CUST-0575,Northeast,Web,Outdoors,103.76,4,0.15,352.80,0,3
ORD-02123,2025-01-02,CUST-0697,West,Mobile,Outdoors,70.40,1,0.15,59.84,0,6
ORD-02124,2025-11-27,CUST-0576,Northeast,Mobile,Apparel,28.13,2,0.05,53.45,0,3
ORD-02125,2025-09-10,CUST-0376,Midwest,Store,Home,23.70,2,0.10,42.66,0,1
ORD-02126,2025-08-19,CUST-0008,South,Mobile,Home,38.51,3,0.30,80.86,0,3
ORD-02127,2025-06-03,CUST-0860,West,Store,Home,53.12,5,0.00,265.58,0,3
ORD-02128,2025-02-18,CUST-0883,Midwest,Web,Electronics,58.57,1,0.20,46.86,1,5
ORD-02129,2025-05-27,CUST-0262,South,Store,Apparel,28.07,2,0.00,56.14,0,1
ORD-02130,2025-04-14,CUST-0152,Northeast,Store,Home,56.40,1,0.00,56.40,0,5
ORD-02131,2025-09-29,CUST-0078,Northeast,Mobile,Home,73.48,1,0.10,66.13,0,4
ORD-02132,2025-10-22,CUST-0642,Northeast,Web,Electronics,131.49,3,0.15,335.30,0,4
ORD-02133,2025-05-25,CUST-0506,South,Store,Apparel,44.61,1,0.10,40.15,0,1
ORD-02134,2025-03-24,CUST-0798,Midwest,Web,Electronics,81.67,1,0.00,81.67,0,6
ORD-02135,2025-05-08,CUST-0364,West,Mobile,Home,47.88,1,0.10,43.09,0,6
ORD-02136,2025-09-29,CUST-0659,West,Mobile,Beauty,30.70,1,0.00,30.70,0,8
ORD-02137,2025-05-17,CUST-0464,Northeast,Web,Beauty,46.90,1,0.20,37.52,0,8
ORD-02138,2025-03-31,CUST-0210,Northeast,Mobile,Apparel,35.89,2,0.15,61.02,0,4
ORD-02139,2025-01-22,CUST-0503,West,Web,Electronics,191.02,2,0.15,324.73,0,1
ORD-02140,2025-06-01,CUST-0279,Northeast,Web,Home,28.68,1,0.00,28.68,0,4
ORD-02141,2025-06-01,CUST-0483,West,Web,Home,43.20,2,0.20,69.12,0,3
ORD-02142,2025-07-11,CUST-0443,Northeast,Web,Outdoors,118.73,5,0.05,563.96,0,7
ORD-02143,2025-06-05,CUST-0127,Midwest,Mobile,Electronics,180.82,4,0.20,578.62,0,3
ORD-02144,2025-11-14,CUST-0463,South,Mobile,Electronics,130.11,4,0.20,416.36,0,4
ORD-02145,2025-04-01,CUST-0531,West,Mobile,Home,62.34,1,0.10,56.11,0,3
ORD-02146,2025-07-10,CUST-0241,Northeast,Web,Electronics,114.33,3,0.20,274.39,0,5
ORD-02147,2025-03-28,CUST-0712,South,Mobile,Home,64.60,1,0.00,64.60,0,6
ORD-02148,2025-11-29,CUST-0571,Midwest,Mobile,Beauty,32.27,1,0.05,30.66,0,4
ORD-02149,2025-01-08,CUST-0757,Midwest,Mobile,Beauty,38.42,4,0.15,130.64,0,6
ORD-02150,2025-11-24,CUST-0707,South,Web,Beauty,28.16,1,0.00,28.16,0,3
ORD-02151,2025-05-26,CUST-0503,Midwest,Web,Home,62.60,4,0.00,250.39,1,4
ORD-02152,2025-09-15,CUST-0283,South,Web,Electronics,163.73,2,0.10,294.71,0,7
ORD-02153,2025-03-20,CUST-0549,South,Web,Outdoors,58.33,1,0.30,40.83,0,7
ORD-02154,2025-07-25,CUST-0651,South,Web,Electronics,161.28,2,0.00,322.57,0,6
ORD-02155,2025-10-14,CUST-0718,South,Web,Outdoors,93.94,1,0.05,89.24,0,1
ORD-02156,2025-05-24,CUST-0267,West,Web,Electronics,141.31,1,0.10,127.18,0,4
ORD-02157,2025-11-22,CUST-0100,South,Web,Apparel,50.23,1,0.10,45.21,0,4
ORD-02158,2025-02-20,CUST-0165,South,Mobile,Beauty,33.09,1,0.05,31.43,1,7
ORD-02159,2025-04-24,CUST-0194,Northeast,Store,Home,45.19,1,0.00,45.19,0,3
ORD-02160,2025-07-15,CUST-0415,Midwest,Web,Beauty,25.72,2,0.00,51.43,1,3
ORD-02161,2025-12-23,CUST-0127,West,Web,Apparel,47.20,3,0.20,113.28,0,5
ORD-02162,2025-08-24,CUST-0267,Northeast,Store,Beauty,26.80,3,0.00,80.39,0,1
ORD-02163,2025-03-16,CUST-0160,Northeast,Store,Electronics,66.22,1,0.05,62.91,0,4
ORD-02164,2025-06-30,CUST-0436,South,Store,Outdoors,99.43,3,0.05,283.38,0,1
ORD-02165,2025-02-08,CUST-0020,West,Store,Apparel,79.53,1,0.15,67.60,0,1
ORD-02166,2025-04-29,CUST-0324,Northeast,Web,Apparel,46.97,2,0.30,65.76,0,2
ORD-02167,2025-03-01,CUST-0761,West,Web,Home,54.79,3,0.30,115.07,0,4
ORD-02168,2025-02-12,CUST-0836,West,Mobile,Electronics,90.28,5,0.00,451.42,0,4
ORD-02169,2025-12-01,CUST-0132,South,Mobile,Home,54.92,1,0.00,54.92,0,4
ORD-02170,2025-04-02,CUST-0837,South,Web,Electronics,124.47,1,0.00,124.47,1,5
ORD-02171,2025-03-13,CUST-0709,Midwest,Web,Beauty,19.74,1,0.05,18.75,0,5
ORD-02172,2025-03-20,CUST-0268,Northeast,Web,Outdoors,107.61,1,0.10,96.85,0,7
ORD-02173,2025-12-15,CUST-0690,Northeast,Mobile,Home,46.10,1,0.00,46.10,0,9
ORD-02174,2025-08-06,CUST-0793,South,Store,Apparel,50.91,2,0.10,91.64,0,1
ORD-02175,2025-02-16,CUST-0206,Northeast,Mobile,Electronics,78.31,1,0.00,78.31,0,4
ORD-02176,2025-01-12,CUST-0894,Midwest,Mobile,Outdoors,95.25,2,0.10,171.46,0,4
ORD-02177,2025-09-13,CUST-0022,South,Store,Electronics,95.68,1,0.05,90.90,0,3
ORD-02178,2025-03-07,CUST-0449,Midwest,Web,Apparel,42.99,1,0.15,36.54,0,6
ORD-02179,2025-04-21,CUST-0157,South,Web,Outdoors,111.01,1,0.20,88.81,0,5
ORD-02180,2025-04-02,CUST-0649,Northeast,Web,Home,53.41,2,0.00,106.83,0,4
ORD-02181,2025-02-15,CUST-0532,South,Store,Home,66.44,1,0.20,53.15,0,1
ORD-02182,2025-04-28,CUST-0763,Midwest,Mobile,Outdoors,88.30,1,0.15,75.06,0,4
ORD-02183,2025-12-30,CUST-0208,South,Store,Outdoors,75.61,1,0.05,71.83,0,6
ORD-02184,2025-09-07,CUST-0677,Midwest,Web,Home,44.08,1,0.30,30.85,1,5
ORD-02185,2025-09-01,CUST-0622,South,Store,Electronics,140.47,1,0.00,140.47,0,2
ORD-02186,2025-03-08,CUST-0638,South,Mobile,Beauty,34.52,1,0.30,24.17,0,5
ORD-02187,2025-08-07,CUST-0445,Northeast,Mobile,Electronics,137.95,2,0.15,234.52,0,4
ORD-02188,2025-06-26,CUST-0227,South,Store,Apparel,43.23,1,0.15,36.75,1,2
ORD-02189,2025-08-21,CUST-0547,West,Store,Outdoors,41.36,1,0.15,35.16,1,1
ORD-02190,2025-03-12,CUST-0315,South,Store,Beauty,33.00,4,0.10,118.79,0,3
ORD-02191,2025-07-21,CUST-0586,South,Store,Apparel,45.31,1,0.20,36.25,0,2
ORD-02192,2025-11-30,CUST-0040,South,Web,Beauty,32.18,3,0.10,86.89,0,5
ORD-02193,2025-03-06,CUST-0283,Midwest,Web,Outdoors,99.88,2,0.20,159.81,0,3
ORD-02194,2025-01-10,CUST-0084,Midwest,Mobile,Beauty,18.19,1,0.15,15.46,0,5
ORD-02195,2025-05-06,CUST-0698,Northeast,Mobile,Home,78.07,3,0.20,187.37,0,4
ORD-02196,2025-01-25,CUST-0878,South,Store,Beauty,47.11,1,0.15,40.05,0,4
ORD-02197,2025-09-30,CUST-0552,West,Mobile,Outdoors,89.32,1,0.10,80.39,0,1
ORD-02198,2025-01-31,CUST-0467,West,Mobile,Outdoors,110.92,1,0.00,110.92,0,4
ORD-02199,2025-01-02,CUST-0319,Northeast,Mobile,Apparel,46.03,4,0.10,165.72,0,7
ORD-02200,2025-03-01,CUST-0251,Midwest,Store,Electronics,132.83,3,0.00,398.49,0,2
ORD-02201,2025-08-12,CUST-0825,West,Web,Electronics,191.10,2,0.05,363.09,0,2
ORD-02202,2025-08-17,CUST-0472,Midwest,Mobile,Outdoors,114.87,1,0.20,91.90,0,4
ORD-02203,2025-01-16,CUST-0462,South,Web,Apparel,15.56,4,0.15,52.90,0,3
ORD-02204,2025-01-16,CUST-0600,West,Mobile,Electronics,193.33,1,0.10,174.00,0,3
ORD-02205,2025-05-14,CUST-0355,South,Web,Outdoors,98.92,5,0.00,494.62,0,5
ORD-02206,2025-04-14,CUST-0471,Midwest,Store,Outdoors,85.65,3,0.00,256.95,0,2
ORD-02207,2025-11-22,CUST-0685,Midwest,Store,Home,74.27,1,0.30,51.99,0,3
ORD-02208,2025-12-11,CUST-0565,Northeast,Mobile,Outdoors,85.24,1,0.00,85.24,0,5
ORD-02209,2025-03-27,CUST-0309,Northeast,Store,Beauty,27.78,1,0.10,25.00,0,2
ORD-02210,2025-09-11,CUST-0156,Midwest,Web,Outdoors,97.80,1,0.05,92.91,0,2
ORD-02211,2025-12-26,CUST-0093,Northeast,Store,Home,47.10,2,0.00,94.21,0,4
ORD-02212,2025-06-21,CUST-0165,South,Mobile,Electronics,91.07,1,0.00,91.07,0,2
ORD-02213,2025-05-05,CUST-0220,West,Store,Outdoors,86.94,1,0.00,86.94,0,2
ORD-02214,2025-12-08,CUST-0164,South,Store,Outdoors,80.36,2,0.00,160.72,0,1
ORD-02215,2025-04-02,CUST-0015,South,Web,Apparel,54.48,1,0.30,38.14,1,3
ORD-02216,2025-01-27,CUST-0270,Northeast,Store,Home,40.20,2,0.15,68.34,1,1
ORD-02217,2025-11-14,CUST-0256,West,Web,Beauty,30.04,4,0.00,120.14,0,4
ORD-02218,2025-10-07,CUST-0774,South,Store,Electronics,155.07,2,0.00,310.14,0,1
ORD-02219,2025-11-13,CUST-0163,West,Mobile,Apparel,34.74,1,0.15,29.53,0,5
ORD-02220,2025-06-09,CUST-0223,Northeast,Mobile,Electronics,199.67,1,0.15,169.72,0,2
ORD-02221,2025-04-16,CUST-0532,Midwest,Web,Beauty,21.24,1,0.15,18.05,1,3
ORD-02222,2025-10-14,CUST-0762,Northeast,Web,Beauty,14.05,2,0.05,26.69,0,3
ORD-02223,2025-06-03,CUST-0101,Midwest,Mobile,Beauty,22.06,1,0.00,22.06,1,7
ORD-02224,2025-04-15,CUST-0747,Northeast,Web,Home,59.49,4,0.15,202.26,0,2
ORD-02225,2025-02-21,CUST-0483,West,Web,Home,47.30,3,0.15,120.63,0,5
ORD-02226,2025-11-22,CUST-0451,Midwest,Web,Beauty,25.38,1,0.00,25.38,0,4
ORD-02227,2025-10-12,CUST-0811,West,Store,Home,18.53,1,0.20,14.82,0,1
ORD-02228,2025-04-05,CUST-0891,Northeast,Web,Beauty,36.62,1,0.20,29.29,0,7
ORD-02229,2025-06-02,CUST-0449,South,Web,Electronics,126.62,1,0.05,120.29,0,3
ORD-02230,2025-04-16,CUST-0148,West,Web,Electronics,159.74,2,0.05,303.50,1,3
ORD-02231,2025-05-12,CUST-0250,West,Store,Outdoors,93.43,1,0.15,79.41,0,1
ORD-02232,2025-09-19,CUST-0205,Northeast,Mobile,Home,66.45,4,0.20,212.64,0,5
ORD-02233,2025-10-04,CUST-0533,Northeast,Web,Apparel,61.37,1,0.15,52.17,1,5
ORD-02234,2025-06-06,CUST-0478,West,Store,Home,40.39,4,0.05,153.49,0,3
ORD-02235,2025-08-28,CUST-0412,Midwest,Store,Electronics,133.78,2,0.20,214.05,0,2
ORD-02236,2025-05-18,CUST-0435,Midwest,Mobile,Apparel,39.10,2,0.05,74.30,0,2
ORD-02237,2025-06-16,CUST-0682,South,Mobile,Beauty,38.60,1,0.15,32.81,0,6
ORD-02238,2025-10-23,CUST-0772,Midwest,Mobile,Beauty,31.48,1,0.00,31.48,1,2
ORD-02239,2025-09-27,CUST-0744,South,Store,Home,75.17,1,0.15,63.89,0,1
ORD-02240,2025-07-07,CUST-0128,Midwest,Mobile,Home,76.31,1,0.05,72.49,0,4
ORD-02241,2025-11-06,CUST-0075,Midwest,Mobile,Electronics,135.28,4,0.30,378.79,0,6
ORD-02242,2025-09-24,CUST-0702,South,Web,Home,54.28,3,0.15,138.41,0,3
ORD-02243,2025-11-18,CUST-0868,South,Web,Apparel,51.64,4,0.20,165.23,1,4
ORD-02244,2025-09-29,CUST-0051,Northeast,Web,Beauty,31.85,1,0.00,31.85,0,4
ORD-02245,2025-04-28,CUST-0052,West,Mobile,Electronics,200.80,1,0.30,140.56,0,5
ORD-02246,2025-01-04,CUST-0424,South,Store,Beauty,35.46,1,0.30,24.82,0,1
ORD-02247,2025-04-13,CUST-0250,Midwest,Store,Outdoors,101.34,1,0.00,101.34,0,1
ORD-02248,2025-10-21,CUST-0297,Midwest,Web,Home,75.19,1,0.15,63.91,0,6
ORD-02249,2025-07-21,CUST-0554,South,Mobile,Home,68.69,4,0.00,274.75,1,1
ORD-02250,2025-10-24,CUST-0578,Northeast,Web,Home,46.55,2,0.15,79.13,0,6
ORD-02251,2025-02-11,CUST-0516,Northeast,Web,Outdoors,88.06,1,0.10,79.25,0,6
ORD-02252,2025-04-27,CUST-0163,West,Web,Electronics,210.98,1,0.15,179.34,0,5
ORD-02253,2025-08-21,CUST-0236,Midwest,Web,Beauty,43.92,2,0.00,87.85,0,5
ORD-02254,2025-11-24,CUST-0738,Northeast,Web,Outdoors,81.10,3,0.05,231.14,0,5
ORD-02255,2025-10-15,CUST-0085,Northeast,Store,Outdoors,98.23,2,0.10,176.81,1,1
ORD-02256,2025-01-02,CUST-0475,South,Web,Apparel,28.78,1,0.05,27.34,0,3
ORD-02257,2025-03-09,CUST-0546,Northeast,Web,Beauty,29.55,3,0.15,75.35,0,4
ORD-02258,2025-07-24,CUST-0112,Northeast,Mobile,Electronics,107.52,1,0.00,107.52,0,3
ORD-02259,2025-06-30,CUST-0353,Northeast,Store,Outdoors,61.24,3,0.05,174.54,0,3
ORD-02260,2025-01-06,CUST-0788,Midwest,Web,Apparel,78.52,1,0.15,66.74,1,3
ORD-02261,2025-12-04,CUST-0037,Midwest,Web,Apparel,42.35,5,0.10,190.55,0,4
ORD-02262,2025-02-13,CUST-0134,Northeast,Mobile,Electronics,120.64,2,0.10,217.14,0,6
ORD-02263,2025-11-02,CUST-0731,South,Web,Outdoors,103.15,1,0.15,87.68,0,4
ORD-02264,2025-04-02,CUST-0327,South,Store,Outdoors,125.17,3,0.30,262.86,0,2
ORD-02265,2025-11-18,CUST-0504,West,Web,Outdoors,72.28,2,0.20,115.65,0,5
ORD-02266,2025-02-18,CUST-0577,Midwest,Mobile,Home,65.19,2,0.05,123.86,0,3
ORD-02267,2025-06-22,CUST-0548,West,Web,Outdoors,90.93,1,0.30,63.65,0,4
ORD-02268,2025-04-11,CUST-0588,South,Mobile,Electronics,119.10,3,0.10,321.57,0,5
ORD-02269,2025-02-17,CUST-0595,Northeast,Web,Apparel,46.78,1,0.20,37.42,0,3
ORD-02270,2025-01-03,CUST-0479,Midwest,Mobile,Apparel,29.12,3,0.10,78.62,0,2
ORD-02271,2025-10-09,CUST-0179,South,Store,Apparel,60.16,3,0.10,162.44,0,1
ORD-02272,2025-03-14,CUST-0477,South,Mobile,Outdoors,85.74,2,0.15,145.76,0,4
ORD-02273,2025-10-06,CUST-0498,West,Store,Outdoors,76.75,1,0.20,61.40,0,1
ORD-02274,2025-10-17,CUST-0703,Northeast,Mobile,Apparel,55.09,3,0.10,148.74,0,6
ORD-02275,2025-01-30,CUST-0056,Northeast,Web,Electronics,146.88,2,0.10,264.39,0,5
ORD-02276,2025-06-25,CUST-0259,Northeast,Web,Home,75.06,4,0.05,285.21,0,4
ORD-02277,2025-01-10,CUST-0642,West,Mobile,Apparel,43.00,1,0.10,38.70,1,6
ORD-02278,2025-03-11,CUST-0555,Midwest,Mobile,Home,67.48,3,0.10,182.20,0,5
ORD-02279,2025-04-14,CUST-0712,Midwest,Web,Outdoors,73.06,2,0.30,102.28,0,4
ORD-02280,2025-03-10,CUST-0496,West,Web,Beauty,20.09,2,0.00,40.19,0,4
ORD-02281,2025-08-27,CUST-0065,South,Mobile,Electronics,105.49,2,0.30,147.68,1,4
ORD-02282,2025-04-05,CUST-0846,South,Mobile,Home,64.14,1,0.00,64.14,0,6
ORD-02283,2025-10-05,CUST-0639,Northeast,Store,Electronics,118.55,1,0.00,118.55,0,6
ORD-02284,2025-03-22,CUST-0539,South,Web,Electronics,129.45,1,0.30,90.62,0,4
ORD-02285,2025-11-16,CUST-0502,Midwest,Mobile,Beauty,28.12,2,0.00,56.24,0,5
ORD-02286,2025-09-04,CUST-0093,Northeast,Store,Home,50.06,2,0.00,100.12,1,1
ORD-02287,2025-08-08,CUST-0360,West,Mobile,Electronics,159.19,1,0.10,143.27,0,5
ORD-02288,2025-01-13,CUST-0786,West,Mobile,Electronics,187.54,2,0.10,337.57,0,4
ORD-02289,2025-07-02,CUST-0198,South,Web,Electronics,170.98,3,0.15,436.01,0,5
ORD-02290,2025-09-30,CUST-0698,Midwest,Web,Outdoors,90.99,2,0.00,181.98,0,5
ORD-02291,2025-12-15,CUST-0036,Midwest,Web,Beauty,32.58,4,0.05,123.79,0,5
ORD-02292,2025-11-04,CUST-0498,South,Web,Home,52.48,1,0.10,47.24,0,5
ORD-02293,2025-03-27,CUST-0850,West,Store,Home,74.62,3,0.10,201.48,0,2
ORD-02294,2025-08-15,CUST-0698,West,Mobile,Beauty,30.15,4,0.30,84.41,0,4
ORD-02295,2025-11-28,CUST-0456,West,Mobile,Outdoors,70.99,2,0.10,127.78,0,5
ORD-02296,2025-11-03,CUST-0609,West,Web,Home,40.81,1,0.00,40.81,0,3
ORD-02297,2025-05-01,CUST-0372,West,Web,Electronics,119.58,1,0.05,113.60,0,7
ORD-02298,2025-07-21,CUST-0578,South,Web,Outdoors,81.66,1,0.20,65.32,1,3
ORD-02299,2025-07-19,CUST-0177,South,Web,Outdoors,59.23,2,0.10,106.62,0,5
ORD-02300,2025-06-08,CUST-0498,Northeast,Web,Home,50.89,3,0.15,129.78,0,4
ORD-02301,2025-06-29,CUST-0481,Northeast,Web,Apparel,44.67,4,0.00,178.67,0,6
ORD-02302,2025-05-24,CUST-0514,Northeast,Mobile,Home,47.57,2,0.00,95.14,0,5
ORD-02303,2025-09-25,CUST-0803,West,Mobile,Apparel,53.65,1,0.05,50.97,0,3
ORD-02304,2025-05-27,CUST-0298,South,Store,Apparel,66.62,2,0.00,133.25,1,4
ORD-02305,2025-10-11,CUST-0335,West,Store,Outdoors,77.46,1,0.20,61.97,0,3
ORD-02306,2025-01-26,CUST-0329,West,Web,Beauty,30.44,2,0.10,54.79,0,3
ORD-02307,2025-10-09,CUST-0746,Northeast,Web,Outdoors,85.63,4,0.15,291.13,0,2
ORD-02308,2025-05-11,CUST-0011,West,Web,Electronics,164.98,1,0.05,156.73,0,6
ORD-02309,2025-07-07,CUST-0122,South,Mobile,Home,52.08,5,0.00,260.41,0,5
ORD-02310,2025-07-09,CUST-0766,Northeast,Web,Beauty,34.79,1,0.05,33.05,1,6
ORD-02311,2025-02-18,CUST-0590,Midwest,Mobile,Beauty,31.97,3,0.05,91.11,0,6
ORD-02312,2025-10-30,CUST-0598,West,Mobile,Apparel,37.65,1,0.30,26.36,0,3
ORD-02313,2025-04-28,CUST-0018,South,Web,Beauty,28.14,2,0.00,56.29,0,4
ORD-02314,2025-01-12,CUST-0595,Northeast,Mobile,Electronics,202.46,1,0.00,202.46,0,6
ORD-02315,2025-03-16,CUST-0695,South,Web,Home,74.32,2,0.15,126.35,0,1
ORD-02316,2025-05-21,CUST-0417,South,Web,Electronics,205.71,3,0.15,524.56,1,2
ORD-02317,2025-01-06,CUST-0254,West,Mobile,Beauty,20.61,5,0.15,87.61,0,5
ORD-02318,2025-02-05,CUST-0272,Northeast,Web,Electronics,160.93,1,0.05,152.88,0,1
ORD-02319,2025-08-09,CUST-0448,Northeast,Web,Beauty,31.30,1,0.10,28.17,0,5
ORD-02320,2025-10-24,CUST-0686,South,Store,Electronics,160.94,2,0.10,289.68,0,1
ORD-02321,2025-08-25,CUST-0337,West,Web,Beauty,31.82,4,0.10,114.57,0,5
ORD-02322,2025-07-11,CUST-0669,Midwest,Mobile,Apparel,53.51,4,0.10,192.65,0,4
ORD-02323,2025-08-31,CUST-0427,West,Store,Electronics,163.23,1,0.15,138.75,0,2
ORD-02324,2025-05-01,CUST-0586,West,Web,Outdoors,74.88,1,0.05,71.14,0,3
ORD-02325,2025-10-24,CUST-0389,Midwest,Mobile,Home,40.28,2,0.00,80.56,0,3
ORD-02326,2025-10-31,CUST-0797,South,Mobile,Electronics,131.41,1,0.10,118.27,0,5
ORD-02327,2025-01-30,CUST-0703,Northeast,Mobile,Home,28.68,1,0.10,25.82,0,3
ORD-02328,2025-03-14,CUST-0003,West,Web,Electronics,121.22,1,0.05,115.16,0,5
ORD-02329,2025-01-12,CUST-0322,Midwest,Web,Beauty,48.75,4,0.20,156.01,0,5
ORD-02330,2025-12-06,CUST-0513,South,Web,Beauty,39.16,1,0.00,39.16,0,5
ORD-02331,2025-03-19,CUST-0193,Midwest,Mobile,Beauty,24.45,2,0.10,44.01,0,5
ORD-02332,2025-10-28,CUST-0125,Midwest,Web,Outdoors,77.94,1,0.15,66.25,0,7
ORD-02333,2025-03-07,CUST-0291,Northeast,Mobile,Electronics,139.28,2,0.05,264.63,0,3
ORD-02334,2025-02-26,CUST-0637,Northeast,Mobile,Home,65.85,1,0.15,55.98,0,3
ORD-02335,2025-10-31,CUST-0524,Midwest,Web,Beauty,28.10,2,0.10,50.58,0,3
ORD-02336,2025-03-04,CUST-0660,South,Store,Electronics,138.79,2,0.10,249.81,0,3
ORD-02337,2025-01-07,CUST-0137,Northeast,Web,Outdoors,74.48,1,0.10,67.03,0,1
ORD-02338,2025-10-01,CUST-0186,West,Web,Outdoors,59.92,1,0.15,50.93,0,5
ORD-02339,2025-03-19,CUST-0150,Midwest,Web,Outdoors,103.41,3,0.20,248.19,0,4
ORD-02340,2025-12-11,CUST-0712,Midwest,Web,Apparel,72.29,3,0.00,216.88,0,5
ORD-02341,2025-09-20,CUST-0106,West,Web,Outdoors,91.62,5,0.10,412.30,0,4
ORD-02342,2025-08-12,CUST-0279,Midwest,Mobile,Home,51.62,1,0.00,51.62,0,5
ORD-02343,2025-08-07,CUST-0373,Midwest,Store,Beauty,34.63,1,0.00,34.63,0,3
ORD-02344,2025-03-07,CUST-0357,South,Store,Beauty,26.83,1,0.10,24.15,1,4
ORD-02345,2025-09-03,CUST-0068,Midwest,Mobile,Electronics,160.92,1,0.20,128.74,1,5
ORD-02346,2025-08-27,CUST-0835,Midwest,Mobile,Outdoors,87.17,2,0.20,139.47,0,5
ORD-02347,2025-04-21,CUST-0108,Midwest,Store,Apparel,40.74,2,0.10,73.33,0,1
ORD-02348,2025-08-02,CUST-0226,South,Web,Apparel,42.32,1,0.10,38.09,1,4
ORD-02349,2025-10-24,CUST-0731,Northeast,Web,Beauty,38.11,1,0.10,34.30,0,4
ORD-02350,2025-09-24,CUST-0385,South,Web,Beauty,19.00,2,0.05,36.10,0,1
ORD-02351,2025-01-18,CUST-0470,West,Web,Beauty,15.39,2,0.20,24.62,0,3
ORD-02352,2025-02-09,CUST-0417,West,Web,Beauty,17.34,3,0.00,52.03,0,5
ORD-02353,2025-02-14,CUST-0835,South,Store,Outdoors,98.84,1,0.00,98.84,0,4
ORD-02354,2025-12-11,CUST-0549,Northeast,Web,Electronics,134.24,2,0.15,228.21,0,6
ORD-02355,2025-01-31,CUST-0128,West,Web,Home,54.29,1,0.00,54.29,0,5
ORD-02356,2025-03-19,CUST-0030,South,Store,Apparel,39.58,2,0.05,75.20,0,1
ORD-02357,2025-04-02,CUST-0827,West,Store,Beauty,31.44,1,0.10,28.30,0,1
ORD-02358,2025-12-13,CUST-0254,Northeast,Web,Outdoors,96.21,1,0.05,91.40,0,7
ORD-02359,2025-12-16,CUST-0804,Northeast,Web,Apparel,39.79,1,0.05,37.80,0,2
ORD-02360,2025-03-06,CUST-0096,Northeast,Store,Outdoors,57.83,1,0.05,54.94,0,3
ORD-02361,2025-11-05,CUST-0247,Northeast,Web,Electronics,85.68,4,0.00,342.72,0,3
ORD-02362,2025-06-09,CUST-0566,Midwest,Mobile,Beauty,31.30,1,0.10,28.17,0,6
ORD-02363,2025-04-17,CUST-0231,Northeast,Mobile,Electronics,109.52,1,0.15,93.09,0,3
ORD-02364,2025-03-03,CUST-0261,South,Web,Apparel,89.35,4,0.05,339.52,0,6
ORD-02365,2025-06-04,CUST-0271,West,Web,Outdoors,36.01,2,0.30,50.41,0,7
ORD-02366,2025-06-14,CUST-0312,West,Store,Beauty,45.48,2,0.15,77.31,0,1
ORD-02367,2025-08-04,CUST-0196,Midwest,Store,Home,45.59,1,0.00,45.59,0,1
ORD-02368,2025-03-12,CUST-0100,West,Store,Apparel,52.12,1,0.10,46.91,0,1
ORD-02369,2025-09-05,CUST-0385,Northeast,Mobile,Electronics,229.97,2,0.00,459.95,0,5
ORD-02370,2025-08-11,CUST-0089,South,Mobile,Beauty,39.25,2,0.15,66.72,0,1
ORD-02371,2025-11-18,CUST-0855,South,Mobile,Home,58.93,1,0.00,58.93,0,6
ORD-02372,2025-09-28,CUST-0019,Midwest,Web,Beauty,25.12,2,0.05,47.74,0,6
ORD-02373,2025-08-24,CUST-0503,South,Store,Outdoors,57.32,2,0.15,97.45,0,4
ORD-02374,2025-07-16,CUST-0528,South,Mobile,Outdoors,54.62,1,0.10,49.16,0,3
ORD-02375,2025-05-23,CUST-0124,West,Mobile,Apparel,42.50,1,0.00,42.50,0,1
ORD-02376,2025-03-07,CUST-0718,South,Web,Outdoors,81.41,5,0.05,386.70,1,4
ORD-02377,2025-05-24,CUST-0662,Northeast,Web,Home,54.56,2,0.05,103.66,0,5
ORD-02378,2025-08-17,CUST-0142,West,Mobile,Beauty,30.63,1,0.00,30.63,0,1
ORD-02379,2025-12-16,CUST-0451,South,Web,Home,68.68,1,0.20,54.95,1,4
ORD-02380,2025-08-30,CUST-0039,West,Mobile,Apparel,37.38,2,0.30,52.33,0,4
ORD-02381,2025-10-13,CUST-0535,Midwest,Mobile,Apparel,12.22,1,0.10,10.99,1,5
ORD-02382,2025-06-01,CUST-0348,Northeast,Store,Electronics,123.20,2,0.20,197.12,0,1
ORD-02383,2025-11-17,CUST-0268,Northeast,Web,Outdoors,99.06,2,0.00,198.12,0,4
ORD-02384,2025-07-14,CUST-0048,Midwest,Web,Home,27.29,2,0.10,49.13,0,1
ORD-02385,2025-03-18,CUST-0630,South,Store,Apparel,40.92,1,0.20,32.74,0,3
ORD-02386,2025-09-23,CUST-0450,Northeast,Web,Beauty,34.34,1,0.20,27.47,0,2
ORD-02387,2025-02-07,CUST-0244,Midwest,Mobile,Home,30.03,2,0.20,48.04,0,1
ORD-02388,2025-06-14,CUST-0246,South,Store,Home,45.94,4,0.00,183.75,0,2
ORD-02389,2025-07-01,CUST-0667,West,Web,Home,52.67,1,0.10,47.40,0,6
ORD-02390,2025-10-26,CUST-0828,West,Mobile,Electronics,180.76,2,0.00,361.53,0,6
ORD-02391,2025-09-01,CUST-0006,South,Web,Outdoors,93.53,2,0.20,149.64,1,5
ORD-02392,2025-02-23,CUST-0823,Midwest,Web,Electronics,148.30,3,0.20,355.91,0,4
ORD-02393,2025-02-18,CUST-0459,South,Mobile,Beauty,24.95,1,0.05,23.70,0,7
ORD-02394,2025-08-21,CUST-0098,West,Web,Apparel,58.12,1,0.00,58.12,0,2
ORD-02395,2025-10-07,CUST-0467,Northeast,Web,Apparel,35.13,1,0.00,35.13,0,3
ORD-02396,2025-02-23,CUST-0145,Midwest,Web,Electronics,161.07,1,0.15,136.91,0,4
ORD-02397,2025-11-12,CUST-0645,South,Store,Beauty,35.30,2,0.20,56.48,0,1
ORD-02398,2025-01-04,CUST-0386,Midwest,Web,Electronics,184.66,1,0.00,184.66,0,3
ORD-02399,2025-10-28,CUST-0896,Midwest,Web,Apparel,69.41,2,0.05,131.87,0,4
ORD-02400,2025-08-19,CUST-0107,West,Store,Home,42.70,1,0.00,42.70,0,1
ORD-02401,2025-08-18,CUST-0060,West,Web,Outdoors,51.54,3,0.00,154.63,0,5
ORD-02402,2025-03-11,CUST-0036,South,Mobile,Apparel,42.48,5,0.10,191.16,0,8
ORD-02403,2025-09-06,CUST-0395,South,Store,Outdoors,86.72,2,0.10,156.09,0,2
ORD-02404,2025-05-10,CUST-0246,West,Web,Beauty,29.66,2,0.05,56.36,0,5
ORD-02405,2025-09-19,CUST-0402,South,Web,Electronics,195.32,1,0.20,156.26,0,4
ORD-02406,2025-12-15,CUST-0780,Northeast,Store,Electronics,120.27,2,0.10,216.48,0,1
ORD-02407,2025-01-09,CUST-0387,Northeast,Web,Beauty,40.62,4,0.00,162.47,0,3
ORD-02408,2025-08-23,CUST-0842,West,Web,Beauty,39.95,1,0.05,37.96,0,6
ORD-02409,2025-07-15,CUST-0324,South,Web,Outdoors,87.76,4,0.20,280.82,0,4
ORD-02410,2025-06-09,CUST-0575,Midwest,Web,Outdoors,101.78,1,0.10,91.61,0,2
ORD-02411,2025-07-30,CUST-0815,Midwest,Mobile,Outdoors,62.18,1,0.30,43.53,0,5
ORD-02412,2025-01-22,CUST-0211,Northeast,Web,Home,44.92,4,0.10,161.72,0,7
ORD-02413,2025-11-29,CUST-0096,Northeast,Web,Electronics,136.58,1,0.10,122.92,0,4
ORD-02414,2025-05-19,CUST-0410,South,Mobile,Home,52.08,1,0.00,52.08,0,6
ORD-02415,2025-07-28,CUST-0602,Midwest,Mobile,Apparel,33.32,5,0.10,149.93,0,3
ORD-02416,2025-11-23,CUST-0818,Midwest,Store,Home,37.36,2,0.05,70.98,0,2
ORD-02417,2025-07-14,CUST-0565,West,Web,Apparel,57.41,3,0.10,155.00,0,9
ORD-02418,2025-02-13,CUST-0900,Midwest,Web,Home,58.52,2,0.10,105.34,0,3
ORD-02419,2025-12-12,CUST-0279,West,Mobile,Electronics,82.67,1,0.00,82.67,0,1
ORD-02420,2025-12-11,CUST-0182,West,Web,Home,59.90,1,0.10,53.91,0,4
ORD-02421,2025-10-01,CUST-0406,Midwest,Mobile,Beauty,15.68,2,0.00,31.36,0,4
ORD-02422,2025-08-31,CUST-0472,Northeast,Web,Electronics,196.92,2,0.10,354.45,0,2
ORD-02423,2025-12-28,CUST-0537,Midwest,Mobile,Outdoors,114.60,4,0.20,366.71,1,6
ORD-02424,2025-12-21,CUST-0881,Northeast,Web,Beauty,20.21,1,0.00,20.21,0,6
ORD-02425,2025-12-09,CUST-0756,West,Mobile,Outdoors,64.77,3,0.00,194.31,0,6
ORD-02426,2025-07-28,CUST-0642,West,Web,Apparel,66.91,1,0.10,60.22,0,4
ORD-02427,2025-07-09,CUST-0020,Midwest,Mobile,Electronics,123.38,1,0.05,117.22,0,4
ORD-02428,2025-09-29,CUST-0410,Midwest,Web,Home,75.19,2,0.10,135.34,0,3
ORD-02429,2025-11-17,CUST-0228,Northeast,Store,Apparel,53.06,1,0.00,53.06,0,1
ORD-02430,2025-08-18,CUST-0568,South,Store,Apparel,55.74,4,0.15,189.53,0,1
ORD-02431,2025-09-07,CUST-0137,South,Store,Electronics,107.51,1,0.00,107.51,1,4
ORD-02432,2025-12-04,CUST-0143,South,Web,Home,46.06,4,0.10,165.82,0,4
ORD-02433,2025-03-06,CUST-0235,West,Mobile,Beauty,32.31,1,0.00,32.31,0,5
ORD-02434,2025-04-24,CUST-0337,South,Web,Apparel,53.53,1,0.00,53.53,0,3
ORD-02435,2025-03-10,CUST-0557,West,Store,Home,31.25,1,0.00,31.25,0,3
ORD-02436,2025-10-14,CUST-0747,Northeast,Mobile,Outdoors,78.19,1,0.10,70.37,0,5
ORD-02437,2025-11-05,CUST-0477,Midwest,Web,Beauty,27.05,2,0.00,54.09,0,4
ORD-02438,2025-08-03,CUST-0592,West,Web,Home,72.56,1,0.00,72.56,0,4
ORD-02439,2025-05-24,CUST-0352,South,Store,Home,78.44,3,0.15,200.02,0,4
ORD-02440,2025-09-20,CUST-0154,Midwest,Mobile,Beauty,37.76,1,0.00,37.76,0,4
ORD-02441,2025-06-06,CUST-0102,South,Web,Home,50.47,1,0.00,50.47,0,3
ORD-02442,2025-08-01,CUST-0216,Northeast,Web,Beauty,36.21,4,0.30,101.39,0,3
ORD-02443,2025-03-23,CUST-0319,South,Web,Outdoors,142.28,5,0.20,569.11,1,6
ORD-02444,2025-06-24,CUST-0675,South,Mobile,Apparel,39.44,1,0.10,35.50,0,5
ORD-02445,2025-10-17,CUST-0122,West,Web,Outdoors,98.87,2,0.20,158.20,1,5
ORD-02446,2025-08-19,CUST-0098,Midwest,Web,Outdoors,88.35,1,0.20,70.68,1,4
ORD-02447,2025-03-22,CUST-0798,Midwest,Mobile,Apparel,31.01,1,0.00,31.01,1,7
ORD-02448,2025-02-28,CUST-0377,Midwest,Store,Outdoors,104.39,1,0.00,104.39,0,2
ORD-02449,2025-12-21,CUST-0138,Midwest,Web,Electronics,173.31,1,0.20,138.65,0,3
ORD-02450,2025-07-05,CUST-0400,South,Mobile,Beauty,25.49,1,0.10,22.94,0,4
ORD-02451,2025-11-13,CUST-0497,South,Web,Home,72.73,4,0.20,232.74,0,4
ORD-02452,2025-10-25,CUST-0606,South,Mobile,Electronics,140.55,2,0.10,252.99,0,1
ORD-02453,2025-09-27,CUST-0833,West,Web,Beauty,35.97,2,0.00,71.94,0,2
ORD-02454,2025-03-31,CUST-0195,South,Mobile,Home,57.81,2,0.20,92.49,1,5
ORD-02455,2025-08-06,CUST-0058,Midwest,Store,Electronics,195.33,1,0.00,195.33,0,3
ORD-02456,2025-04-24,CUST-0695,Northeast,Web,Electronics,136.21,1,0.05,129.40,0,1
ORD-02457,2025-01-22,CUST-0167,Northeast,Mobile,Beauty,36.07,1,0.10,32.46,0,4
ORD-02458,2025-04-24,CUST-0697,South,Store,Beauty,34.94,3,0.05,99.59,0,1
ORD-02459,2025-09-20,CUST-0845,Northeast,Web,Home,66.22,1,0.00,66.22,0,5
ORD-02460,2025-12-14,CUST-0282,West,Web,Beauty,19.39,1,0.00,19.39,0,4
ORD-02461,2025-05-09,CUST-0443,South,Web,Electronics,168.79,4,0.05,641.40,0,8
ORD-02462,2025-11-01,CUST-0599,Northeast,Web,Electronics,107.50,2,0.10,193.50,0,4
ORD-02463,2025-02-27,CUST-0088,Midwest,Mobile,Electronics,140.71,3,0.10,379.92,0,4
ORD-02464,2025-04-09,CUST-0600,South,Web,Home,65.65,1,0.05,62.37,0,5
ORD-02465,2025-07-16,CUST-0383,Midwest,Mobile,Electronics,113.52,2,0.10,204.33,0,2
ORD-02466,2025-10-25,CUST-0892,South,Web,Outdoors,101.52,2,0.10,182.73,1,5
ORD-02467,2025-08-07,CUST-0771,Midwest,Store,Outdoors,66.99,1,0.05,63.64,0,1
ORD-02468,2025-05-23,CUST-0668,West,Web,Electronics,128.14,1,0.00,128.14,0,6
ORD-02469,2025-01-10,CUST-0446,Midwest,Mobile,Electronics,151.83,2,0.05,288.48,0,3
ORD-02470,2025-07-27,CUST-0255,Northeast,Web,Electronics,176.98,1,0.15,150.44,0,5
ORD-02471,2025-05-04,CUST-0746,Northeast,Web,Home,55.90,2,0.05,106.21,0,2
ORD-02472,2025-12-18,CUST-0463,South,Mobile,Electronics,98.66,2,0.00,197.32,0,2
ORD-02473,2025-01-30,CUST-0630,West,Mobile,Apparel,51.00,3,0.05,145.35,0,4
ORD-02474,2025-12-31,CUST-0287,West,Web,Beauty,24.79,1,0.10,22.31,0,6
ORD-02475,2025-01-11,CUST-0514,Midwest,Web,Home,42.09,2,0.20,67.35,0,4
ORD-02476,2025-07-21,CUST-0806,West,Mobile,Outdoors,69.16,1,0.20,55.33,0,4
ORD-02477,2025-08-11,CUST-0730,South,Mobile,Beauty,30.29,3,0.00,90.87,0,5
ORD-02478,2025-03-13,CUST-0643,Northeast,Mobile,Apparel,33.79,4,0.10,121.63,0,6
ORD-02479,2025-12-06,CUST-0875,South,Store,Beauty,27.59,2,0.10,49.66,0,4
ORD-02480,2025-07-20,CUST-0582,West,Mobile,Apparel,50.96,1,0.00,50.96,0,5
ORD-02481,2025-10-14,CUST-0796,West,Store,Outdoors,114.93,1,0.00,114.93,0,2
ORD-02482,2025-12-28,CUST-0732,Northeast,Mobile,Beauty,13.92,1,0.10,12.53,1,1
ORD-02483,2025-03-06,CUST-0097,Northeast,Web,Beauty,38.94,3,0.00,116.81,0,4
ORD-02484,2025-12-11,CUST-0068,Midwest,Mobile,Electronics,122.54,3,0.00,367.63,1,8
ORD-02485,2025-12-06,CUST-0557,Midwest,Mobile,Beauty,34.05,2,0.20,54.48,0,5
ORD-02486,2025-06-28,CUST-0874,Northeast,Web,Outdoors,44.33,1,0.20,35.47,0,1
ORD-02487,2025-12-18,CUST-0383,Midwest,Store,Beauty,25.68,2,0.10,46.22,1,4
ORD-02488,2025-05-12,CUST-0760,West,Store,Beauty,15.76,1,0.05,14.97,0,1
ORD-02489,2025-02-02,CUST-0412,South,Web,Apparel,56.96,2,0.00,113.91,0,6
ORD-02490,2025-10-20,CUST-0567,Northeast,Mobile,Apparel,37.39,1,0.20,29.91,0,2
ORD-02491,2025-11-02,CUST-0881,South,Web,Electronics,76.26,4,0.00,305.03,0,4
ORD-02492,2025-03-31,CUST-0704,West,Mobile,Outdoors,118.14,2,0.00,236.27,0,3
ORD-02493,2025-05-11,CUST-0634,Midwest,Store,Outdoors,61.82,2,0.10,111.27,0,1
ORD-02494,2025-01-01,CUST-0524,South,Web,Home,65.31,1,0.20,52.25,0,6
ORD-02495,2025-06-20,CUST-0864,Northeast,Web,Outdoors,67.51,2,0.00,135.03,0,4
ORD-02496,2025-11-22,CUST-0480,West,Web,Beauty,25.52,1,0.00,25.52,0,3
ORD-02497,2025-05-06,CUST-0788,Midwest,Web,Outdoors,80.61,1,0.15,68.51,0,5
ORD-02498,2025-12-14,CUST-0888,West,Mobile,Apparel,52.63,1,0.00,52.63,0,1
ORD-02499,2025-06-25,CUST-0708,West,Web,Apparel,33.04,1,0.05,31.39,0,1
ORD-02500,2025-09-23,CUST-0763,West,Store,Home,76.93,1,0.10,69.23,0,1
ORD-02501,2025-04-22,CUST-0300,West,Mobile,Home,56.09,1,0.20,44.87,0,4
ORD-02502,2025-06-03,CUST-0065,Midwest,Web,Home,89.15,2,0.15,151.55,0,5
ORD-02503,2025-08-08,CUST-0376,Midwest,Store,Apparel,54.89,1,0.10,49.40,0,1
ORD-02504,2025-03-26,CUST-0898,Northeast,Mobile,Apparel,24.26,4,0.00,97.04,0,4
ORD-02505,2025-01-30,CUST-0399,South,Web,Home,42.34,2,0.10,76.21,0,6
ORD-02506,2025-01-24,CUST-0772,Northeast,Store,Apparel,33.41,1,0.00,33.41,0,2
ORD-02507,2025-09-30,CUST-0029,Midwest,Store,Beauty,35.11,3,0.30,73.72,0,1
ORD-02508,2025-07-21,CUST-0384,Northeast,Web,Beauty,39.22,1,0.10,35.29,0,4
ORD-02509,2025-06-01,CUST-0356,South,Mobile,Beauty,30.13,2,0.20,48.20,0,5
ORD-02510,2025-07-21,CUST-0114,West,Mobile,Home,72.74,1,0.10,65.46,0,1
ORD-02511,2025-08-09,CUST-0511,Northeast,Mobile,Home,65.74,1,0.05,62.45,0,4
ORD-02512,2025-01-31,CUST-0733,West,Mobile,Home,53.35,1,0.00,53.35,0,7
ORD-02513,2025-03-07,CUST-0062,West,Web,Electronics,136.94,2,0.10,246.49,0,4
ORD-02514,2025-06-27,CUST-0118,West,Store,Home,43.51,1,0.00,43.51,0,4
ORD-02515,2025-04-13,CUST-0695,South,Store,Electronics,76.09,3,0.05,216.84,0,4
ORD-02516,2025-01-28,CUST-0665,Northeast,Store,Beauty,32.80,5,0.10,147.58,0,1
ORD-02517,2025-01-31,CUST-0500,South,Store,Outdoors,130.35,2,0.00,260.70,0,1
ORD-02518,2025-06-15,CUST-0237,Midwest,Web,Home,47.42,2,0.20,75.87,1,5
ORD-02519,2025-03-09,CUST-0135,South,Web,Home,91.48,3,0.30,192.11,0,4
ORD-02520,2025-11-04,CUST-0586,Midwest,Web,Outdoors,139.54,4,0.00,558.17,0,4
ORD-02521,2025-09-07,CUST-0329,Midwest,Web,Apparel,39.15,4,0.10,140.92,1,6
ORD-02522,2025-10-15,CUST-0416,West,Web,Electronics,181.85,2,0.05,345.51,0,7
ORD-02523,2025-12-02,CUST-0618,Midwest,Mobile,Apparel,9.85,1,0.10,8.86,0,6
ORD-02524,2025-08-11,CUST-0167,Northeast,Mobile,Electronics,138.77,2,0.30,194.28,1,6
ORD-02525,2025-12-02,CUST-0218,West,Web,Electronics,192.38,2,0.00,384.75,0,7
ORD-02526,2025-08-29,CUST-0200,Northeast,Web,Home,50.14,1,0.00,50.14,0,5
ORD-02527,2025-05-23,CUST-0428,Midwest,Web,Apparel,29.27,1,0.05,27.81,0,3
ORD-02528,2025-08-17,CUST-0749,South,Mobile,Outdoors,43.48,3,0.00,130.43,0,2
ORD-02529,2025-07-01,CUST-0491,Northeast,Store,Outdoors,72.45,3,0.05,206.49,0,3
ORD-02530,2025-11-17,CUST-0050,South,Web,Home,64.79,3,0.05,184.66,0,5
ORD-02531,2025-01-25,CUST-0087,Midwest,Web,Beauty,41.37,5,0.20,165.50,0,5
ORD-02532,2025-12-11,CUST-0508,South,Mobile,Apparel,49.04,1,0.00,49.04,0,2
ORD-02533,2025-01-03,CUST-0551,Midwest,Web,Outdoors,77.48,2,0.20,123.97,0,4
ORD-02534,2025-07-28,CUST-0074,West,Web,Apparel,53.84,2,0.15,91.53,0,4
ORD-02535,2025-06-18,CUST-0358,Midwest,Mobile,Electronics,93.00,2,0.30,130.20,0,7
ORD-02536,2025-01-31,CUST-0663,Northeast,Mobile,Electronics,91.57,3,0.15,233.50,0,4
ORD-02537,2025-09-24,CUST-0416,Midwest,Mobile,Outdoors,65.34,2,0.10,117.61,0,5
ORD-02538,2025-01-27,CUST-0487,West,Store,Apparel,34.79,2,0.00,69.58,0,5
ORD-02539,2025-06-09,CUST-0248,West,Mobile,Apparel,43.21,2,0.05,82.11,0,7
ORD-02540,2025-12-28,CUST-0768,Northeast,Web,Outdoors,83.05,1,0.20,66.44,0,4
ORD-02541,2025-02-11,CUST-0248,Midwest,Store,Apparel,40.36,1,0.20,32.29,0,3
ORD-02542,2025-09-07,CUST-0382,Northeast,Web,Home,57.75,3,0.15,147.26,0,2
ORD-02543,2025-09-17,CUST-0397,Midwest,Store,Outdoors,81.32,1,0.15,69.13,0,1
ORD-02544,2025-12-24,CUST-0869,Northeast,Store,Electronics,151.70,1,0.20,121.36,0,4
ORD-02545,2025-07-16,CUST-0464,South,Web,Electronics,130.68,1,0.00,130.68,0,5
ORD-02546,2025-12-06,CUST-0460,Midwest,Web,Apparel,48.89,1,0.15,41.56,0,4
ORD-02547,2025-07-15,CUST-0680,West,Web,Apparel,38.38,1,0.15,32.62,0,4
ORD-02548,2025-04-15,CUST-0506,Midwest,Store,Home,59.44,2,0.10,106.99,0,1
ORD-02549,2025-06-16,CUST-0770,South,Mobile,Electronics,145.66,1,0.15,123.81,0,6
ORD-02550,2025-09-25,CUST-0121,Northeast,Web,Beauty,28.75,2,0.20,46.00,0,4
ORD-02551,2025-11-23,CUST-0587,Midwest,Mobile,Home,77.10,2,0.15,131.07,0,1
ORD-02552,2025-09-30,CUST-0493,South,Web,Outdoors,58.89,1,0.10,53.00,0,7
ORD-02553,2025-10-31,CUST-0251,Northeast,Web,Electronics,184.12,1,0.00,184.12,0,4
ORD-02554,2025-02-04,CUST-0195,Northeast,Mobile,Apparel,13.15,3,0.20,31.56,1,4
ORD-02555,2025-11-08,CUST-0199,South,Web,Home,58.04,1,0.05,55.14,0,5
ORD-02556,2025-09-09,CUST-0452,Northeast,Store,Outdoors,65.76,4,0.05,249.89,0,2
ORD-02557,2025-11-06,CUST-0328,South,Mobile,Electronics,176.72,1,0.05,167.89,0,3
ORD-02558,2025-09-28,CUST-0405,Northeast,Web,Electronics,173.83,4,0.20,556.24,0,3
ORD-02559,2025-11-25,CUST-0385,West,Web,Beauty,37.14,1,0.15,31.57,0,6
ORD-02560,2025-02-18,CUST-0636,Midwest,Mobile,Outdoors,67.37,5,0.20,269.49,0,3
ORD-02561,2025-06-11,CUST-0434,Northeast,Web,Home,44.59,3,0.05,127.07,0,4
ORD-02562,2025-09-30,CUST-0794,Northeast,Web,Home,65.30,1,0.00,65.30,0,2
ORD-02563,2025-12-26,CUST-0313,Midwest,Web,Electronics,194.20,2,0.00,388.41,0,2
ORD-02564,2025-04-15,CUST-0092,West,Store,Outdoors,90.90,2,0.15,154.54,0,1
ORD-02565,2025-09-03,CUST-0569,Northeast,Mobile,Outdoors,78.81,3,0.30,165.51,0,5
ORD-02566,2025-01-24,CUST-0393,West,Mobile,Outdoors,80.37,1,0.10,72.33,0,3
ORD-02567,2025-06-25,CUST-0231,South,Mobile,Electronics,153.84,1,0.00,153.84,0,4
ORD-02568,2025-06-29,CUST-0898,Northeast,Store,Home,76.42,4,0.00,305.66,0,2
ORD-02569,2025-11-25,CUST-0471,Northeast,Web,Electronics,117.11,1,0.00,117.11,0,5
ORD-02570,2025-09-22,CUST-0723,South,Mobile,Apparel,47.67,1,0.05,45.29,0,4
ORD-02571,2025-05-01,CUST-0658,Northeast,Mobile,Beauty,30.37,1,0.15,25.82,0,4
ORD-02572,2025-08-01,CUST-0456,West,Mobile,Beauty,31.27,1,0.20,25.02,0,4
ORD-02573,2025-10-07,CUST-0342,South,Mobile,Apparel,60.78,2,0.00,121.56,0,5
ORD-02574,2025-09-23,CUST-0636,South,Web,Beauty,36.10,2,0.15,61.36,0,7
ORD-02575,2025-07-31,CUST-0277,Northeast,Mobile,Electronics,202.30,2,0.05,384.37,0,1
ORD-02576,2025-09-01,CUST-0125,South,Web,Apparel,51.16,1,0.10,46.04,0,2
ORD-02577,2025-08-02,CUST-0654,Northeast,Store,Home,65.97,2,0.05,125.34,0,2
ORD-02578,2025-01-19,CUST-0868,South,Web,Beauty,46.99,1,0.00,46.99,0,2
ORD-02579,2025-04-27,CUST-0827,South,Web,Electronics,192.51,1,0.15,163.64,0,4
ORD-02580,2025-08-19,CUST-0398,Northeast,Store,Electronics,260.70,2,0.00,521.39,0,1
ORD-02581,2025-06-02,CUST-0254,West,Web,Electronics,85.90,5,0.10,386.56,0,3
ORD-02582,2025-01-02,CUST-0539,West,Store,Outdoors,85.24,3,0.05,242.92,0,1
ORD-02583,2025-10-06,CUST-0297,West,Mobile,Outdoors,66.22,1,0.05,62.91,0,7
ORD-02584,2025-05-30,CUST-0155,West,Mobile,Apparel,59.76,1,0.20,47.81,1,4
ORD-02585,2025-10-15,CUST-0555,Midwest,Web,Electronics,148.30,2,0.05,281.78,0,4
ORD-02586,2025-07-07,CUST-0401,Northeast,Web,Home,53.37,1,0.05,50.70,0,5
ORD-02587,2025-10-09,CUST-0617,West,Web,Beauty,37.47,2,0.20,59.94,0,3
ORD-02588,2025-12-29,CUST-0331,Midwest,Web,Beauty,38.29,2,0.30,53.61,0,4
ORD-02589,2025-10-31,CUST-0530,Northeast,Mobile,Home,62.40,4,0.15,212.15,0,1
ORD-02590,2025-09-06,CUST-0116,Northeast,Web,Beauty,35.41,2,0.05,67.28,0,5
ORD-02591,2025-07-21,CUST-0386,South,Web,Beauty,36.14,1,0.10,32.52,0,5
ORD-02592,2025-05-15,CUST-0388,South,Mobile,Apparel,47.41,4,0.15,161.20,0,4
ORD-02593,2025-08-08,CUST-0217,Northeast,Mobile,Outdoors,88.54,1,0.30,61.98,0,6
ORD-02594,2025-04-12,CUST-0455,Northeast,Store,Electronics,140.33,1,0.15,119.28,0,1
ORD-02595,2025-10-13,CUST-0056,Midwest,Mobile,Electronics,159.71,2,0.00,319.41,0,4
ORD-02596,2025-06-12,CUST-0244,West,Web,Beauty,43.20,1,0.00,43.20,1,5
ORD-02597,2025-12-08,CUST-0425,South,Mobile,Apparel,55.72,3,0.05,158.79,0,2
ORD-02598,2025-10-01,CUST-0793,West,Web,Electronics,159.92,1,0.20,127.94,0,3
ORD-02599,2025-07-22,CUST-0767,Midwest,Store,Apparel,59.18,4,0.00,236.72,0,5
ORD-02600,2025-05-08,CUST-0007,Northeast,Store,Apparel,35.78,2,0.00,71.55,0,2
ORD-02601,2025-10-15,CUST-0611,Midwest,Web,Home,51.17,1,0.30,35.82,0,3
ORD-02602,2025-05-05,CUST-0255,West,Mobile,Home,64.65,1,0.05,61.41,0,1
ORD-02603,2025-07-17,CUST-0075,Midwest,Mobile,Apparel,44.73,2,0.20,71.57,0,1
ORD-02604,2025-04-02,CUST-0054,South,Mobile,Home,55.08,1,0.30,38.56,0,2
ORD-02605,2025-10-19,CUST-0028,South,Web,Outdoors,63.34,3,0.10,171.01,0,6
ORD-02606,2025-10-26,CUST-0158,West,Mobile,Electronics,137.38,1,0.10,123.64,0,3
ORD-02607,2025-01-22,CUST-0882,South,Mobile,Apparel,49.82,4,0.15,169.39,0,5
ORD-02608,2025-06-06,CUST-0688,Northeast,Web,Apparel,63.36,1,0.30,44.35,0,6
ORD-02609,2025-07-17,CUST-0724,West,Web,Electronics,205.69,1,0.10,185.12,0,5
ORD-02610,2025-08-09,CUST-0584,Northeast,Web,Apparel,47.60,5,0.20,190.38,0,1
ORD-02611,2025-01-21,CUST-0481,Midwest,Mobile,Outdoors,118.42,3,0.20,284.20,0,7
ORD-02612,2025-04-26,CUST-0532,South,Web,Electronics,132.16,3,0.00,396.49,0,4
ORD-02613,2025-12-25,CUST-0387,West,Store,Beauty,47.52,1,0.00,47.52,0,4
ORD-02614,2025-12-24,CUST-0727,West,Mobile,Apparel,14.68,1,0.05,13.95,0,6
ORD-02615,2025-11-23,CUST-0867,Northeast,Web,Electronics,206.04,1,0.00,206.04,0,5
ORD-02616,2025-12-28,CUST-0805,South,Mobile,Home,56.46,2,0.05,107.27,0,4
ORD-02617,2025-12-13,CUST-0056,Northeast,Mobile,Beauty,40.37,1,0.05,38.35,0,4
ORD-02618,2025-09-16,CUST-0620,South,Web,Electronics,140.31,2,0.15,238.53,0,4
ORD-02619,2025-07-08,CUST-0262,West,Mobile,Home,68.77,4,0.00,275.07,0,1
ORD-02620,2025-01-25,CUST-0054,Midwest,Web,Beauty,20.23,3,0.10,54.61,0,1
ORD-02621,2025-12-02,CUST-0614,Northeast,Mobile,Home,61.39,2,0.00,122.77,0,2
ORD-02622,2025-06-20,CUST-0753,West,Mobile,Electronics,148.58,2,0.05,282.30,0,6
ORD-02623,2025-04-30,CUST-0792,West,Mobile,Home,54.24,2,0.10,97.64,0,5
ORD-02624,2025-08-14,CUST-0366,West,Mobile,Outdoors,83.27,2,0.20,133.24,0,2
ORD-02625,2025-10-06,CUST-0610,West,Web,Apparel,57.61,2,0.05,109.46,0,6
ORD-02626,2025-03-17,CUST-0190,South,Web,Beauty,30.06,2,0.20,48.09,0,5
ORD-02627,2025-07-12,CUST-0423,Midwest,Web,Home,48.91,1,0.30,34.24,0,5
ORD-02628,2025-03-26,CUST-0848,Midwest,Store,Beauty,36.30,1,0.05,34.49,0,1
ORD-02629,2025-10-01,CUST-0038,West,Mobile,Electronics,176.10,2,0.00,352.19,0,1
ORD-02630,2025-05-15,CUST-0845,South,Web,Beauty,33.17,2,0.00,66.34,0,4
ORD-02631,2025-01-24,CUST-0105,South,Store,Electronics,132.01,3,0.15,336.63,0,1
ORD-02632,2025-01-30,CUST-0052,Northeast,Mobile,Outdoors,103.79,2,0.15,176.44,1,6
ORD-02633,2025-09-16,CUST-0697,Midwest,Mobile,Apparel,56.99,3,0.05,162.41,0,5
ORD-02634,2025-08-12,CUST-0488,South,Web,Beauty,27.30,1,0.15,23.20,0,1
ORD-02635,2025-03-23,CUST-0059,Northeast,Web,Outdoors,73.71,2,0.10,132.68,0,6
ORD-02636,2025-08-12,CUST-0041,West,Web,Home,90.23,1,0.10,81.20,0,1
ORD-02637,2025-08-28,CUST-0117,Midwest,Web,Outdoors,118.27,1,0.10,106.44,1,4
ORD-02638,2025-11-16,CUST-0201,South,Mobile,Apparel,62.83,5,0.10,282.76,0,5
ORD-02639,2025-05-23,CUST-0784,Midwest,Web,Home,89.44,1,0.00,89.44,0,4
ORD-02640,2025-08-15,CUST-0006,Northeast,Web,Beauty,16.01,1,0.05,15.21,0,3
ORD-02641,2025-07-14,CUST-0231,West,Mobile,Apparel,61.41,1,0.05,58.34,0,5
ORD-02642,2025-10-27,CUST-0112,Midwest,Web,Outdoors,68.13,1,0.10,61.32,0,4
ORD-02643,2025-03-30,CUST-0331,Midwest,Mobile,Home,52.72,1,0.00,52.72,0,5
ORD-02644,2025-06-13,CUST-0493,West,Web,Beauty,39.24,3,0.15,100.07,0,4
ORD-02645,2025-12-22,CUST-0050,Northeast,Store,Apparel,49.86,2,0.10,89.74,0,2
ORD-02646,2025-03-17,CUST-0845,Northeast,Mobile,Beauty,28.16,2,0.00,56.32,0,4
ORD-02647,2025-12-20,CUST-0629,West,Web,Home,75.60,1,0.00,75.60,0,6
ORD-02648,2025-06-24,CUST-0532,Midwest,Web,Home,40.82,1,0.10,36.74,0,5
ORD-02649,2025-05-26,CUST-0604,West,Mobile,Outdoors,68.33,4,0.00,273.32,0,6
ORD-02650,2025-10-24,CUST-0005,West,Web,Apparel,43.26,1,0.00,43.26,0,6
ORD-02651,2025-11-27,CUST-0033,Northeast,Mobile,Home,44.11,1,0.00,44.11,0,4
ORD-02652,2025-05-26,CUST-0494,Northeast,Mobile,Beauty,45.69,1,0.10,41.12,0,5
ORD-02653,2025-08-10,CUST-0721,Midwest,Mobile,Beauty,20.51,3,0.00,61.53,0,2
ORD-02654,2025-07-23,CUST-0677,West,Mobile,Beauty,41.88,2,0.05,79.58,0,6
ORD-02655,2025-08-04,CUST-0899,West,Web,Beauty,27.99,5,0.10,125.94,0,5
ORD-02656,2025-04-01,CUST-0325,West,Store,Electronics,208.70,2,0.00,417.39,0,1
ORD-02657,2025-07-07,CUST-0676,Northeast,Mobile,Apparel,51.81,1,0.10,46.63,1,2
ORD-02658,2025-03-11,CUST-0837,West,Web,Electronics,202.60,2,0.05,384.95,0,2
ORD-02659,2025-01-11,CUST-0463,West,Web,Outdoors,80.97,3,0.10,218.61,0,2
ORD-02660,2025-09-13,CUST-0860,West,Store,Outdoors,108.12,2,0.00,216.23,0,1
ORD-02661,2025-11-30,CUST-0172,South,Mobile,Beauty,41.19,2,0.20,65.91,1,7
ORD-02662,2025-01-31,CUST-0619,Midwest,Mobile,Home,77.50,4,0.00,309.99,0,7
ORD-02663,2025-12-28,CUST-0799,South,Store,Outdoors,68.89,2,0.20,110.22,0,2
ORD-02664,2025-10-29,CUST-0034,Midwest,Web,Electronics,103.23,1,0.05,98.07,0,6
ORD-02665,2025-04-06,CUST-0821,Midwest,Mobile,Home,69.16,1,0.05,65.70,0,2
ORD-02666,2025-08-02,CUST-0828,West,Web,Home,79.60,1,0.10,71.64,0,5
ORD-02667,2025-08-11,CUST-0675,South,Store,Apparel,21.86,2,0.10,39.35,0,3
ORD-02668,2025-08-11,CUST-0720,Midwest,Store,Beauty,22.21,3,0.05,63.29,0,2
ORD-02669,2025-09-28,CUST-0400,Northeast,Web,Apparel,42.43,3,0.05,120.91,0,4
ORD-02670,2025-09-15,CUST-0693,Northeast,Web,Electronics,134.35,2,0.30,188.10,1,7
ORD-02671,2025-06-21,CUST-0732,West,Mobile,Apparel,26.98,3,0.00,80.95,1,4
ORD-02672,2025-04-24,CUST-0311,West,Store,Electronics,186.30,4,0.05,707.96,0,3
ORD-02673,2025-05-20,CUST-0192,Midwest,Web,Electronics,151.75,1,0.20,121.40,0,2
ORD-02674,2025-10-31,CUST-0413,Northeast,Store,Apparel,49.75,2,0.00,99.50,0,1
ORD-02675,2025-07-24,CUST-0482,West,Mobile,Beauty,29.23,1,0.00,29.23,0,6
ORD-02676,2025-09-11,CUST-0340,Northeast,Mobile,Home,6.36,1,0.15,5.41,0,6
ORD-02677,2025-03-14,CUST-0320,Midwest,Store,Electronics,170.43,2,0.10,306.77,0,4
ORD-02678,2025-05-03,CUST-0642,Northeast,Store,Electronics,139.03,1,0.15,118.18,0,1
ORD-02679,2025-01-17,CUST-0886,Midwest,Web,Outdoors,50.42,3,0.00,151.25,0,1
ORD-02680,2025-04-28,CUST-0044,Northeast,Mobile,Apparel,30.04,1,0.15,25.53,0,1
ORD-02681,2025-06-08,CUST-0121,South,Store,Outdoors,71.94,2,0.00,143.89,0,2
ORD-02682,2025-03-02,CUST-0433,West,Mobile,Outdoors,110.12,1,0.15,93.60,0,3
ORD-02683,2025-03-13,CUST-0864,Midwest,Web,Apparel,43.17,1,0.05,41.01,0,7
ORD-02684,2025-05-27,CUST-0817,Midwest,Mobile,Outdoors,67.45,2,0.05,128.15,0,5
ORD-02685,2025-11-15,CUST-0852,South,Web,Outdoors,111.51,2,0.00,223.03,0,3
ORD-02686,2025-04-28,CUST-0847,Northeast,Mobile,Home,43.66,1,0.15,37.11,0,6
ORD-02687,2025-05-03,CUST-0449,Midwest,Store,Apparel,40.65,1,0.00,40.65,0,1
ORD-02688,2025-03-27,CUST-0837,Northeast,Web,Apparel,52.55,2,0.00,105.10,0,6
ORD-02689,2025-05-29,CUST-0808,Northeast,Mobile,Home,35.77,2,0.20,57.24,1,5
ORD-02690,2025-12-13,CUST-0216,Midwest,Web,Outdoors,56.24,2,0.00,112.49,0,1
ORD-02691,2025-11-04,CUST-0248,West,Web,Outdoors,112.31,3,0.10,303.23,0,3
ORD-02692,2025-04-28,CUST-0210,West,Web,Beauty,35.18,2,0.05,66.84,1,7
ORD-02693,2025-12-26,CUST-0754,Midwest,Web,Beauty,34.14,2,0.15,58.04,0,5
ORD-02694,2025-06-30,CUST-0027,Midwest,Mobile,Outdoors,99.78,1,0.00,99.78,0,4
ORD-02695,2025-12-01,CUST-0560,South,Web,Outdoors,99.62,2,0.00,199.23,0,5
ORD-02696,2025-03-17,CUST-0371,South,Web,Outdoors,73.37,1,0.00,73.37,0,2
ORD-02697,2025-11-27,CUST-0286,West,Mobile,Apparel,42.20,1,0.20,33.76,1,4
ORD-02698,2025-08-17,CUST-0219,West,Web,Outdoors,88.54,2,0.10,159.37,0,5
ORD-02699,2025-02-18,CUST-0545,South,Mobile,Home,77.62,1,0.15,65.97,0,2
ORD-02700,2025-06-12,CUST-0667,Northeast,Web,Beauty,22.65,3,0.30,47.58,0,7
ORD-02701,2025-03-08,CUST-0049,West,Web,Home,66.00,5,0.15,280.49,1,7
ORD-02702,2025-05-20,CUST-0659,West,Web,Beauty,17.30,5,0.15,73.50,0,6
ORD-02703,2025-01-28,CUST-0132,South,Web,Apparel,37.48,1,0.00,37.48,0,6
ORD-02704,2025-06-26,CUST-0425,South,Mobile,Home,57.20,2,0.15,97.25,0,3
ORD-02705,2025-01-12,CUST-0283,West,Web,Electronics,284.49,3,0.15,725.46,0,4
ORD-02706,2025-04-01,CUST-0034,West,Web,Electronics,204.89,3,0.05,583.93,0,5
ORD-02707,2025-11-13,CUST-0232,Midwest,Web,Apparel,47.43,1,0.05,45.06,0,4
ORD-02708,2025-08-14,CUST-0894,Northeast,Web,Outdoors,80.21,3,0.15,204.54,0,6
ORD-02709,2025-09-09,CUST-0130,West,Store,Outdoors,51.55,1,0.05,48.97,0,1
ORD-02710,2025-09-02,CUST-0584,West,Web,Outdoors,67.94,2,0.00,135.88,0,5
ORD-02711,2025-09-10,CUST-0367,Northeast,Web,Home,54.86,2,0.00,109.71,0,1
ORD-02712,2025-12-12,CUST-0123,Northeast,Mobile,Home,62.10,1,0.10,55.89,0,6
ORD-02713,2025-08-15,CUST-0766,Midwest,Web,Apparel,42.21,1,0.30,29.55,0,3
ORD-02714,2025-04-26,CUST-0096,West,Web,Electronics,167.86,2,0.00,335.73,0,6
ORD-02715,2025-06-26,CUST-0290,Northeast,Store,Beauty,29.21,1,0.00,29.21,0,1
ORD-02716,2025-09-14,CUST-0782,Midwest,Mobile,Outdoors,117.61,2,0.15,199.94,0,6
ORD-02717,2025-12-26,CUST-0090,South,Mobile,Outdoors,68.07,1,0.00,68.07,0,5
ORD-02718,2025-02-23,CUST-0246,Northeast,Mobile,Electronics,150.23,1,0.15,127.69,0,5
ORD-02719,2025-08-04,CUST-0725,Northeast,Web,Home,51.81,1,0.00,51.81,0,4
ORD-02720,2025-07-12,CUST-0435,West,Web,Apparel,31.91,3,0.00,95.73,0,4
ORD-02721,2025-03-18,CUST-0157,West,Store,Electronics,198.08,1,0.15,168.37,0,2
ORD-02722,2025-11-09,CUST-0539,Midwest,Mobile,Outdoors,110.78,4,0.00,443.12,0,4
ORD-02723,2025-04-07,CUST-0421,Midwest,Store,Home,81.65,2,0.15,138.81,0,1
ORD-02724,2025-09-14,CUST-0449,South,Store,Electronics,126.73,2,0.00,253.45,0,2
ORD-02725,2025-02-05,CUST-0078,Northeast,Web,Apparel,41.83,1,0.00,41.83,0,4
ORD-02726,2025-06-12,CUST-0116,South,Mobile,Apparel,37.81,3,0.15,96.42,0,3
ORD-02727,2025-05-23,CUST-0160,Midwest,Web,Apparel,35.48,1,0.20,28.38,1,5
ORD-02728,2025-02-18,CUST-0220,West,Mobile,Beauty,27.72,1,0.20,22.18,0,4
ORD-02729,2025-09-28,CUST-0543,Northeast,Store,Home,65.09,2,0.00,130.18,0,3
ORD-02730,2025-04-12,CUST-0310,Midwest,Web,Beauty,34.12,3,0.00,102.36,0,5
ORD-02731,2025-01-04,CUST-0484,Northeast,Web,Apparel,45.79,1,0.30,32.05,0,6
ORD-02732,2025-09-18,CUST-0585,Midwest,Web,Beauty,29.91,1,0.00,29.91,0,5
ORD-02733,2025-03-30,CUST-0033,West,Web,Apparel,47.06,1,0.20,37.65,0,1
ORD-02734,2025-10-07,CUST-0752,Northeast,Store,Beauty,25.59,2,0.20,40.94,0,6
ORD-02735,2025-05-05,CUST-0454,South,Web,Apparel,18.73,3,0.15,47.76,0,2
ORD-02736,2025-10-03,CUST-0353,Midwest,Web,Electronics,135.35,2,0.20,216.57,0,7
ORD-02737,2025-05-15,CUST-0359,West,Mobile,Apparel,44.32,1,0.15,37.68,1,5
ORD-02738,2025-05-30,CUST-0464,South,Web,Electronics,129.32,2,0.15,219.84,0,7
ORD-02739,2025-11-23,CUST-0713,Midwest,Mobile,Beauty,40.38,2,0.15,68.65,0,5
ORD-02740,2025-12-04,CUST-0207,West,Mobile,Home,71.86,1,0.05,68.26,1,3
ORD-02741,2025-09-10,CUST-0878,West,Mobile,Apparel,61.24,1,0.10,55.12,0,5
ORD-02742,2025-09-04,CUST-0850,West,Web,Apparel,35.93,2,0.10,64.68,0,3
ORD-02743,2025-12-20,CUST-0289,Midwest,Web,Apparel,75.58,3,0.30,158.72,0,5
ORD-02744,2025-12-26,CUST-0711,South,Mobile,Electronics,74.26,1,0.20,59.41,0,3
ORD-02745,2025-05-26,CUST-0051,Northeast,Mobile,Outdoors,69.93,1,0.15,59.44,0,3
ORD-02746,2025-08-06,CUST-0820,West,Web,Beauty,35.77,2,0.00,71.53,1,6
ORD-02747,2025-06-23,CUST-0024,South,Web,Electronics,126.19,1,0.05,119.88,0,2
ORD-02748,2025-12-14,CUST-0249,South,Mobile,Apparel,58.48,1,0.00,58.48,0,5
ORD-02749,2025-01-24,CUST-0868,South,Store,Outdoors,63.99,1,0.20,51.19,1,1
ORD-02750,2025-05-09,CUST-0784,Midwest,Mobile,Electronics,147.81,1,0.00,147.81,0,6
ORD-02751,2025-10-04,CUST-0249,Midwest,Web,Outdoors,87.35,1,0.15,74.25,0,1
ORD-02752,2025-04-10,CUST-0160,Midwest,Web,Apparel,42.33,2,0.05,80.44,0,5
ORD-02753,2025-07-04,CUST-0748,West,Web,Outdoors,92.17,3,0.20,221.21,0,6
ORD-02754,2025-11-26,CUST-0716,Midwest,Mobile,Home,60.97,4,0.00,243.89,1,8
ORD-02755,2025-06-20,CUST-0578,Northeast,Web,Beauty,33.10,3,0.15,84.40,0,1
ORD-02756,2025-04-18,CUST-0321,South,Web,Beauty,37.84,1,0.00,37.84,1,5
ORD-02757,2025-12-09,CUST-0623,Midwest,Web,Outdoors,87.85,3,0.00,263.54,0,4
ORD-02758,2025-04-19,CUST-0099,Midwest,Mobile,Apparel,52.52,2,0.10,94.54,1,6
ORD-02759,2025-05-01,CUST-0876,South,Store,Beauty,42.14,4,0.30,117.99,0,1
ORD-02760,2025-03-28,CUST-0708,West,Web,Apparel,32.91,2,0.00,65.83,0,5
ORD-02761,2025-03-19,CUST-0230,Northeast,Mobile,Apparel,54.96,2,0.00,109.91,0,1
ORD-02762,2025-04-02,CUST-0534,Midwest,Web,Home,48.67,3,0.00,146.02,0,4
ORD-02763,2025-11-09,CUST-0249,Northeast,Store,Outdoors,84.78,2,0.15,144.13,0,1
ORD-02764,2025-11-22,CUST-0504,West,Mobile,Apparel,69.20,1,0.05,65.74,0,1
ORD-02765,2025-06-29,CUST-0346,South,Web,Apparel,40.07,1,0.00,40.07,0,5
ORD-02766,2025-10-21,CUST-0010,Midwest,Store,Home,50.62,2,0.10,91.12,0,1
ORD-02767,2025-03-27,CUST-0787,Northeast,Web,Electronics,173.26,1,0.20,138.61,0,8
ORD-02768,2025-09-25,CUST-0776,South,Web,Home,64.10,1,0.20,51.28,0,4
ORD-02769,2025-09-28,CUST-0371,South,Mobile,Electronics,205.28,1,0.10,184.75,0,3
ORD-02770,2025-11-17,CUST-0809,West,Web,Outdoors,99.46,1,0.00,99.46,0,3
ORD-02771,2025-07-09,CUST-0649,Northeast,Store,Electronics,158.32,2,0.10,284.97,0,2
ORD-02772,2025-05-06,CUST-0816,Northeast,Web,Beauty,32.98,1,0.10,29.68,0,5
ORD-02773,2025-04-11,CUST-0275,Midwest,Store,Apparel,31.40,1,0.00,31.40,0,3
ORD-02774,2025-07-17,CUST-0749,South,Web,Apparel,51.47,3,0.10,138.98,0,3
ORD-02775,2025-09-27,CUST-0294,Midwest,Web,Home,51.44,1,0.20,41.15,0,6
ORD-02776,2025-12-17,CUST-0191,South,Web,Beauty,30.56,1,0.00,30.56,0,3
ORD-02777,2025-08-05,CUST-0133,Northeast,Web,Beauty,21.66,2,0.10,38.98,0,6
ORD-02778,2025-12-10,CUST-0882,Midwest,Store,Home,56.84,2,0.05,107.99,1,6
ORD-02779,2025-08-30,CUST-0598,Midwest,Mobile,Apparel,51.87,2,0.00,103.75,0,5
ORD-02780,2025-11-05,CUST-0009,Northeast,Web,Outdoors,60.15,2,0.20,96.24,0,4
ORD-02781,2025-01-19,CUST-0116,West,Mobile,Outdoors,107.62,3,0.15,274.43,1,6
ORD-02782,2025-04-20,CUST-0146,Midwest,Store,Home,69.25,1,0.15,58.86,0,6
ORD-02783,2025-11-26,CUST-0847,South,Web,Outdoors,47.16,2,0.10,84.89,0,6
ORD-02784,2025-02-04,CUST-0600,Midwest,Mobile,Electronics,100.29,1,0.00,100.29,0,4
ORD-02785,2025-12-29,CUST-0373,Midwest,Web,Home,59.68,3,0.15,152.18,0,3
ORD-02786,2025-09-04,CUST-0416,Northeast,Mobile,Electronics,123.87,5,0.20,495.48,1,3
ORD-02787,2025-06-17,CUST-0391,Northeast,Mobile,Apparel,13.08,2,0.10,23.55,0,1
ORD-02788,2025-06-04,CUST-0604,West,Mobile,Outdoors,42.39,2,0.05,80.55,0,8
ORD-02789,2025-11-26,CUST-0143,West,Store,Beauty,41.67,2,0.00,83.35,0,3
ORD-02790,2025-05-05,CUST-0600,South,Web,Home,66.85,2,0.20,106.95,0,4
ORD-02791,2025-07-18,CUST-0519,Northeast,Mobile,Home,64.06,1,0.00,64.06,0,3
ORD-02792,2025-05-26,CUST-0599,West,Store,Apparel,33.55,1,0.10,30.20,0,4
ORD-02793,2025-03-08,CUST-0490,West,Web,Outdoors,73.51,2,0.15,124.96,0,6
ORD-02794,2025-10-19,CUST-0836,South,Web,Beauty,21.57,1,0.00,21.57,0,4
ORD-02795,2025-03-12,CUST-0410,Midwest,Store,Electronics,135.02,1,0.15,114.77,0,4
ORD-02796,2025-04-17,CUST-0064,Northeast,Mobile,Apparel,57.42,1,0.20,45.94,0,4
ORD-02797,2025-01-07,CUST-0254,South,Web,Home,63.37,1,0.00,63.37,0,3
ORD-02798,2025-04-15,CUST-0517,Midwest,Web,Outdoors,99.67,2,0.15,169.44,0,1
ORD-02799,2025-01-22,CUST-0847,Midwest,Web,Beauty,25.50,2,0.00,51.00,0,6
ORD-02800,2025-06-30,CUST-0269,Midwest,Mobile,Beauty,48.61,2,0.15,82.64,0,3
ORD-02801,2025-10-20,CUST-0286,Northeast,Store,Home,48.19,2,0.10,86.74,0,1
ORD-02802,2025-11-15,CUST-0849,South,Web,Beauty,35.52,4,0.20,113.65,0,3
ORD-02803,2025-03-04,CUST-0486,South,Mobile,Electronics,169.16,2,0.00,338.31,1,6
ORD-02804,2025-05-10,CUST-0263,Northeast,Mobile,Home,63.38,2,0.10,114.08,0,5
ORD-02805,2025-01-18,CUST-0461,South,Web,Apparel,47.48,1,0.00,47.48,0,3
ORD-02806,2025-06-07,CUST-0518,West,Store,Electronics,166.89,1,0.20,133.51,0,2
ORD-02807,2025-01-22,CUST-0195,Northeast,Mobile,Outdoors,121.26,5,0.10,545.69,0,4
ORD-02808,2025-05-20,CUST-0536,South,Mobile,Electronics,154.61,2,0.05,293.77,0,7
ORD-02809,2025-06-22,CUST-0578,Northeast,Store,Apparel,37.03,2,0.00,74.07,0,2
ORD-02810,2025-09-21,CUST-0284,South,Web,Apparel,38.60,2,0.15,65.62,0,2
ORD-02811,2025-08-05,CUST-0075,Northeast,Mobile,Apparel,42.42,4,0.30,118.77,0,4
ORD-02812,2025-10-26,CUST-0436,South,Mobile,Beauty,31.59,1,0.15,26.85,0,5
ORD-02813,2025-08-04,CUST-0268,West,Mobile,Beauty,38.28,1,0.10,34.45,0,6
ORD-02814,2025-02-13,CUST-0512,Midwest,Store,Beauty,37.43,2,0.15,63.63,0,1
ORD-02815,2025-05-25,CUST-0594,Midwest,Web,Beauty,38.88,4,0.20,124.41,0,4
ORD-02816,2025-11-22,CUST-0828,Northeast,Web,Beauty,15.73,1,0.20,12.58,0,4
ORD-02817,2025-01-07,CUST-0363,Northeast,Web,Apparel,35.90,2,0.15,61.04,0,4
ORD-02818,2025-04-15,CUST-0601,Midwest,Store,Beauty,43.41,1,0.00,43.41,0,2
ORD-02819,2025-05-20,CUST-0606,West,Store,Outdoors,135.17,4,0.05,513.66,0,2
ORD-02820,2025-11-07,CUST-0163,Midwest,Web,Electronics,172.66,1,0.05,164.02,0,1
ORD-02821,2025-02-14,CUST-0430,South,Store,Beauty,49.12,1,0.10,44.20,0,4
ORD-02822,2025-01-13,CUST-0299,West,Mobile,Beauty,37.76,1,0.00,37.76,0,4
ORD-02823,2025-07-13,CUST-0486,South,Web,Home,69.85,1,0.05,66.36,0,9
ORD-02824,2025-12-03,CUST-0533,South,Mobile,Outdoors,106.86,1,0.00,106.86,0,4
ORD-02825,2025-01-28,CUST-0217,South,Store,Electronics,99.68,2,0.30,139.56,0,2
ORD-02826,2025-01-22,CUST-0099,South,Store,Home,78.37,2,0.05,148.89,0,1
ORD-02827,2025-03-19,CUST-0177,South,Store,Electronics,103.32,1,0.10,92.99,0,1
ORD-02828,2025-12-02,CUST-0028,Midwest,Web,Outdoors,92.84,2,0.10,167.11,0,4
ORD-02829,2025-09-26,CUST-0190,South,Store,Apparel,48.44,1,0.00,48.44,0,2
ORD-02830,2025-02-15,CUST-0482,Midwest,Store,Beauty,22.47,1,0.00,22.47,0,1
ORD-02831,2025-11-26,CUST-0749,West,Mobile,Beauty,32.44,1,0.15,27.57,0,4
ORD-02832,2025-12-29,CUST-0773,South,Web,Outdoors,74.68,2,0.15,126.96,0,6
ORD-02833,2025-04-02,CUST-0042,South,Web,Home,66.16,5,0.10,297.72,0,6
ORD-02834,2025-08-11,CUST-0273,West,Mobile,Apparel,37.86,3,0.20,90.86,1,6
ORD-02835,2025-04-25,CUST-0795,West,Mobile,Apparel,55.30,1,0.20,44.24,1,4
ORD-02836,2025-04-23,CUST-0789,Northeast,Store,Beauty,40.24,1,0.20,32.19,1,1
ORD-02837,2025-08-03,CUST-0163,South,Mobile,Apparel,50.43,2,0.15,85.73,0,4
ORD-02838,2025-03-18,CUST-0161,Midwest,Mobile,Home,78.63,1,0.10,70.77,0,5
ORD-02839,2025-12-25,CUST-0219,Northeast,Store,Beauty,29.91,1,0.10,26.92,0,2
ORD-02840,2025-07-30,CUST-0356,South,Web,Outdoors,70.99,1,0.10,63.89,0,2
ORD-02841,2025-10-11,CUST-0272,Northeast,Store,Beauty,22.87,2,0.00,45.74,0,1
ORD-02842,2025-05-26,CUST-0270,Northeast,Store,Outdoors,76.14,1,0.10,68.52,0,1
ORD-02843,2025-10-25,CUST-0200,South,Web,Beauty,27.73,1,0.20,22.19,0,2
ORD-02844,2025-04-01,CUST-0214,Midwest,Web,Outdoors,95.35,1,0.10,85.82,0,5
ORD-02845,2025-01-07,CUST-0482,Midwest,Mobile,Home,46.12,3,0.10,124.51,0,2
ORD-02846,2025-05-04,CUST-0294,South,Web,Apparel,74.70,1,0.10,67.23,0,3
ORD-02847,2025-06-20,CUST-0415,West,Web,Electronics,197.10,1,0.15,167.53,0,3
ORD-02848,2025-10-06,CUST-0819,Northeast,Web,Apparel,18.12,3,0.15,46.22,1,6
ORD-02849,2025-01-23,CUST-0300,South,Web,Apparel,40.54,3,0.20,97.30,0,2
ORD-02850,2025-01-03,CUST-0099,Midwest,Mobile,Beauty,24.19,2,0.20,38.71,1,9
ORD-02851,2025-03-14,CUST-0548,Northeast,Store,Electronics,157.18,4,0.00,628.70,0,4
ORD-02852,2025-11-29,CUST-0379,Northeast,Web,Apparel,50.55,1,0.15,42.97,0,8
ORD-02853,2025-08-23,CUST-0429,Midwest,Web,Home,76.30,1,0.15,64.86,0,3
ORD-02854,2025-06-09,CUST-0800,Midwest,Mobile,Home,70.90,1,0.00,70.90,0,8
ORD-02855,2025-07-15,CUST-0230,South,Store,Home,53.55,1,0.00,53.55,0,1
ORD-02856,2025-08-18,CUST-0658,South,Store,Outdoors,45.81,2,0.10,82.47,1,1
ORD-02857,2025-06-25,CUST-0625,West,Web,Apparel,44.86,2,0.05,85.24,0,2
ORD-02858,2025-12-10,CUST-0864,Northeast,Store,Outdoors,73.19,1,0.00,73.19,0,1
ORD-02859,2025-02-28,CUST-0736,South,Mobile,Electronics,97.70,1,0.00,97.70,0,4
ORD-02860,2025-08-06,CUST-0649,West,Store,Electronics,152.76,2,0.15,259.70,1,6
ORD-02861,2025-03-17,CUST-0538,Midwest,Web,Beauty,23.40,2,0.15,39.78,0,5
ORD-02862,2025-04-03,CUST-0726,West,Store,Apparel,63.83,2,0.20,102.12,0,3
ORD-02863,2025-10-28,CUST-0424,West,Web,Outdoors,53.79,2,0.10,96.82,0,1
ORD-02864,2025-01-12,CUST-0880,South,Mobile,Beauty,27.58,2,0.30,38.61,0,6
ORD-02865,2025-02-06,CUST-0640,West,Web,Beauty,41.68,1,0.15,35.43,0,4
ORD-02866,2025-06-26,CUST-0270,South,Mobile,Apparel,34.08,1,0.00,34.08,1,6
ORD-02867,2025-03-22,CUST-0038,Northeast,Store,Apparel,21.59,2,0.10,38.87,1,1
ORD-02868,2025-02-27,CUST-0421,Midwest,Web,Electronics,112.84,4,0.00,451.37,1,6
ORD-02869,2025-07-20,CUST-0825,South,Web,Home,64.76,2,0.10,116.57,0,4
ORD-02870,2025-10-07,CUST-0717,Northeast,Web,Home,57.67,3,0.05,164.35,0,4
ORD-02871,2025-04-02,CUST-0472,Northeast,Mobile,Electronics,138.66,2,0.10,249.59,0,7
ORD-02872,2025-10-24,CUST-0524,South,Store,Home,75.87,1,0.15,64.49,0,2
ORD-02873,2025-11-29,CUST-0374,Midwest,Web,Outdoors,88.93,1,0.10,80.04,0,4
ORD-02874,2025-11-06,CUST-0898,Northeast,Mobile,Beauty,37.48,3,0.20,89.95,1,8
ORD-02875,2025-09-25,CUST-0168,Northeast,Store,Apparel,50.42,2,0.00,100.83,0,1
ORD-02876,2025-12-09,CUST-0019,Midwest,Mobile,Electronics,156.72,1,0.05,148.89,0,6
ORD-02877,2025-08-17,CUST-0549,Northeast,Web,Home,53.70,1,0.00,53.70,0,4
ORD-02878,2025-06-02,CUST-0685,Midwest,Web,Beauty,36.88,2,0.20,59.01,1,6
ORD-02879,2025-02-21,CUST-0419,Midwest,Web,Beauty,25.07,5,0.30,87.73,0,4
ORD-02880,2025-08-09,CUST-0622,Midwest,Web,Electronics,199.09,5,0.05,945.68,0,6
ORD-02881,2025-04-13,CUST-0556,West,Store,Beauty,33.22,1,0.00,33.22,0,2
ORD-02882,2025-09-11,CUST-0811,South,Store,Home,41.51,1,0.05,39.43,0,1
ORD-02883,2025-01-13,CUST-0287,Northeast,Store,Outdoors,126.68,1,0.10,114.02,0,2
ORD-02884,2025-09-22,CUST-0256,Midwest,Web,Electronics,133.85,5,0.15,568.88,0,1
ORD-02885,2025-08-26,CUST-0549,South,Mobile,Apparel,39.44,1,0.00,39.44,0,2
ORD-02886,2025-08-05,CUST-0893,South,Mobile,Home,28.24,1,0.15,24.00,0,5
ORD-02887,2025-04-21,CUST-0664,Midwest,Web,Electronics,124.70,1,0.00,124.70,0,5
ORD-02888,2025-07-04,CUST-0838,Northeast,Web,Home,64.46,2,0.00,128.91,0,2
ORD-02889,2025-11-25,CUST-0399,Midwest,Mobile,Beauty,34.82,4,0.00,139.29,0,5
ORD-02890,2025-01-14,CUST-0207,Midwest,Mobile,Beauty,30.40,2,0.20,48.64,0,7
ORD-02891,2025-07-09,CUST-0208,Midwest,Mobile,Beauty,35.69,3,0.10,96.37,0,3
ORD-02892,2025-10-03,CUST-0097,West,Web,Outdoors,77.55,2,0.15,131.84,0,4
ORD-02893,2025-02-26,CUST-0004,Northeast,Mobile,Home,34.82,1,0.20,27.85,0,4
ORD-02894,2025-04-17,CUST-0604,South,Web,Home,54.81,2,0.00,109.61,0,2
ORD-02895,2025-06-14,CUST-0726,South,Web,Beauty,30.90,3,0.10,83.42,0,2
ORD-02896,2025-12-12,CUST-0669,South,Store,Outdoors,79.64,2,0.15,135.40,0,1
ORD-02897,2025-08-30,CUST-0619,South,Mobile,Beauty,48.06,2,0.15,81.70,0,2
ORD-02898,2025-04-26,CUST-0647,West,Web,Outdoors,104.17,1,0.10,93.76,1,5
ORD-02899,2025-07-23,CUST-0879,Midwest,Web,Apparel,37.24,1,0.00,37.24,0,1
ORD-02900,2025-02-16,CUST-0569,South,Mobile,Beauty,37.97,3,0.05,108.20,0,3
ORD-02901,2025-08-12,CUST-0306,Midwest,Web,Home,56.95,1,0.00,56.95,0,6
ORD-02902,2025-08-11,CUST-0536,Midwest,Web,Apparel,68.87,3,0.00,206.60,0,6
ORD-02903,2025-06-11,CUST-0495,Midwest,Mobile,Electronics,215.79,1,0.20,172.63,0,2
ORD-02904,2025-05-01,CUST-0376,Northeast,Store,Outdoors,93.83,1,0.20,75.07,1,3
ORD-02905,2025-10-20,CUST-0829,Midwest,Store,Outdoors,82.19,1,0.00,82.19,0,1
ORD-02906,2025-09-23,CUST-0298,West,Store,Electronics,149.69,1,0.10,134.72,0,2
ORD-02907,2025-07-26,CUST-0390,South,Mobile,Apparel,33.69,2,0.05,64.02,1,4
ORD-02908,2025-02-27,CUST-0804,Northeast,Store,Beauty,18.87,2,0.05,35.85,0,1
ORD-02909,2025-04-10,CUST-0837,South,Mobile,Home,82.54,3,0.00,247.61,0,4
ORD-02910,2025-05-20,CUST-0756,South,Mobile,Home,50.29,5,0.10,226.29,0,6
ORD-02911,2025-12-10,CUST-0458,Northeast,Web,Beauty,35.23,1,0.00,35.23,0,5
ORD-02912,2025-11-05,CUST-0753,Northeast,Store,Apparel,48.02,3,0.10,129.67,0,5
ORD-02913,2025-12-23,CUST-0884,West,Web,Beauty,26.94,1,0.00,26.94,0,3
ORD-02914,2025-01-20,CUST-0733,Northeast,Web,Home,90.99,2,0.05,172.88,0,7
ORD-02915,2025-12-13,CUST-0834,South,Mobile,Home,59.33,4,0.00,237.34,0,5
ORD-02916,2025-05-01,CUST-0122,West,Web,Home,42.63,2,0.10,76.73,0,5
ORD-02917,2025-12-16,CUST-0237,Midwest,Web,Home,35.61,3,0.10,96.15,0,5
ORD-02918,2025-08-17,CUST-0550,West,Mobile,Apparel,51.32,2,0.10,92.38,0,3
ORD-02919,2025-07-01,CUST-0681,Northeast,Mobile,Home,96.40,1,0.00,96.40,0,6
ORD-02920,2025-02-22,CUST-0565,South,Web,Home,54.80,5,0.10,246.61,0,3
ORD-02921,2025-06-18,CUST-0243,South,Web,Apparel,46.04,4,0.10,165.75,0,3
ORD-02922,2025-09-12,CUST-0354,Midwest,Mobile,Electronics,134.87,3,0.00,404.60,0,3
ORD-02923,2025-03-01,CUST-0745,West,Web,Beauty,23.24,1,0.00,23.24,0,5
ORD-02924,2025-05-16,CUST-0550,Northeast,Store,Electronics,169.27,1,0.00,169.27,0,1
ORD-02925,2025-10-16,CUST-0357,Midwest,Store,Electronics,196.21,1,0.10,176.59,0,3
ORD-02926,2025-09-27,CUST-0649,Midwest,Web,Outdoors,59.85,2,0.00,119.70,0,6
ORD-02927,2025-04-09,CUST-0089,West,Store,Apparel,35.04,2,0.05,66.58,0,4
ORD-02928,2025-10-12,CUST-0106,Northeast,Mobile,Electronics,121.92,1,0.00,121.92,0,5
ORD-02929,2025-02-01,CUST-0238,Northeast,Mobile,Outdoors,78.71,2,0.10,141.68,1,3
ORD-02930,2025-05-04,CUST-0122,Northeast,Web,Apparel,57.60,5,0.15,244.82,0,4
ORD-02931,2025-07-13,CUST-0815,Midwest,Web,Electronics,188.45,1,0.15,160.18,0,3
ORD-02932,2025-07-10,CUST-0352,Northeast,Web,Home,42.96,1,0.00,42.96,0,3
ORD-02933,2025-12-14,CUST-0639,South,Web,Electronics,106.00,1,0.05,100.70,0,3
ORD-02934,2025-02-14,CUST-0382,Northeast,Web,Home,62.70,1,0.05,59.57,0,7
ORD-02935,2025-08-14,CUST-0187,Midwest,Web,Apparel,38.81,4,0.00,155.25,0,4
ORD-02936,2025-10-26,CUST-0291,Midwest,Mobile,Apparel,38.95,3,0.15,99.33,1,2
ORD-02937,2025-08-16,CUST-0652,Northeast,Web,Beauty,29.86,2,0.30,41.80,0,7
ORD-02938,2025-07-22,CUST-0565,West,Web,Home,84.93,1,0.00,84.93,0,4
ORD-02939,2025-06-21,CUST-0638,Midwest,Mobile,Beauty,38.64,3,0.15,98.53,0,5
ORD-02940,2025-09-26,CUST-0540,Midwest,Web,Outdoors,80.64,3,0.10,217.73,0,3
ORD-02941,2025-10-23,CUST-0538,Midwest,Mobile,Outdoors,96.78,2,0.15,164.53,0,2
ORD-02942,2025-09-01,CUST-0644,South,Store,Electronics,200.22,2,0.10,360.40,0,1
ORD-02943,2025-02-07,CUST-0668,West,Store,Outdoors,86.72,1,0.05,82.39,0,4
ORD-02944,2025-11-18,CUST-0343,Northeast,Store,Apparel,58.55,3,0.15,149.29,0,1
ORD-02945,2025-06-29,CUST-0589,South,Store,Outdoors,127.05,2,0.15,215.99,0,1
ORD-02946,2025-09-23,CUST-0761,West,Web,Electronics,134.62,1,0.10,121.16,0,5
ORD-02947,2025-02-10,CUST-0118,West,Mobile,Home,40.48,3,0.00,121.44,0,6
ORD-02948,2025-03-15,CUST-0656,Northeast,Mobile,Beauty,19.43,3,0.05,55.38,1,4
ORD-02949,2025-12-18,CUST-0347,West,Mobile,Beauty,30.73,2,0.15,52.24,0,5
ORD-02950,2025-01-06,CUST-0570,Northeast,Web,Electronics,214.35,3,0.00,643.05,0,4
ORD-02951,2025-10-31,CUST-0144,Midwest,Mobile,Electronics,132.96,5,0.20,531.83,0,3
ORD-02952,2025-07-18,CUST-0460,South,Mobile,Apparel,34.02,1,0.00,34.02,0,2
ORD-02953,2025-10-09,CUST-0062,South,Web,Outdoors,97.19,1,0.15,82.61,0,4
ORD-02954,2025-02-23,CUST-0370,Midwest,Mobile,Beauty,28.04,2,0.15,47.67,0,7
ORD-02955,2025-07-18,CUST-0221,Midwest,Mobile,Beauty,21.83,1,0.30,15.28,0,3
ORD-02956,2025-05-14,CUST-0326,South,Mobile,Home,56.79,2,0.15,96.55,0,7
ORD-02957,2025-07-20,CUST-0130,South,Web,Beauty,24.11,3,0.05,68.72,0,6
ORD-02958,2025-10-19,CUST-0483,Midwest,Web,Electronics,167.09,1,0.10,150.38,0,3
ORD-02959,2025-01-24,CUST-0575,South,Mobile,Beauty,37.28,2,0.10,67.11,0,2
ORD-02960,2025-11-08,CUST-0289,Midwest,Store,Electronics,253.05,1,0.05,240.39,0,2
ORD-02961,2025-07-13,CUST-0129,West,Store,Home,54.68,1,0.20,43.74,0,1
ORD-02962,2025-12-17,CUST-0899,West,Store,Home,47.15,1,0.05,44.79,0,1
ORD-02963,2025-03-04,CUST-0712,Midwest,Mobile,Home,44.32,5,0.10,199.43,0,3
ORD-02964,2025-11-25,CUST-0703,Northeast,Mobile,Beauty,33.83,3,0.00,101.48,0,2
ORD-02965,2025-06-17,CUST-0526,Northeast,Mobile,Electronics,78.99,3,0.00,236.98,1,6
ORD-02966,2025-08-27,CUST-0524,Midwest,Mobile,Apparel,57.16,2,0.00,114.32,0,8
ORD-02967,2025-06-24,CUST-0584,Northeast,Mobile,Apparel,47.53,2,0.15,80.81,0,5
ORD-02968,2025-08-26,CUST-0720,Midwest,Web,Outdoors,103.60,2,0.00,207.20,0,2
ORD-02969,2025-12-08,CUST-0041,Midwest,Mobile,Electronics,152.20,1,0.05,144.59,1,6
ORD-02970,2025-01-16,CUST-0436,Midwest,Web,Beauty,26.56,1,0.20,21.25,0,4
ORD-02971,2025-05-24,CUST-0406,West,Web,Home,41.40,2,0.10,74.52,0,4
ORD-02972,2025-03-04,CUST-0006,West,Mobile,Electronics,178.31,1,0.05,169.39,0,4
ORD-02973,2025-03-10,CUST-0137,West,Mobile,Beauty,52.66,5,0.00,263.29,0,4
ORD-02974,2025-08-30,CUST-0564,Midwest,Mobile,Electronics,175.08,1,0.05,166.33,0,6
ORD-02975,2025-12-01,CUST-0284,West,Mobile,Home,63.67,3,0.05,181.46,0,3
ORD-02976,2025-03-26,CUST-0383,West,Web,Beauty,52.34,2,0.10,94.22,0,1
ORD-02977,2025-07-15,CUST-0734,Northeast,Mobile,Home,57.63,1,0.10,51.86,0,3
ORD-02978,2025-03-05,CUST-0318,Midwest,Mobile,Home,56.54,1,0.10,50.89,0,4
ORD-02979,2025-06-05,CUST-0697,Midwest,Mobile,Home,61.19,2,0.05,116.26,0,7
ORD-02980,2025-12-09,CUST-0609,West,Web,Beauty,30.78,5,0.15,130.83,0,1
ORD-02981,2025-02-18,CUST-0216,Midwest,Mobile,Outdoors,64.68,2,0.05,122.89,0,4
ORD-02982,2025-11-07,CUST-0487,Midwest,Web,Outdoors,59.28,5,0.00,296.38,0,2
ORD-02983,2025-11-14,CUST-0101,West,Web,Beauty,15.24,1,0.20,12.19,0,4
ORD-02984,2025-05-04,CUST-0479,Northeast,Web,Electronics,159.51,1,0.00,159.51,0,5
ORD-02985,2025-10-13,CUST-0538,Northeast,Store,Beauty,42.46,1,0.00,42.46,0,1
ORD-02986,2025-04-10,CUST-0585,South,Mobile,Outdoors,85.93,3,0.05,244.91,0,5
ORD-02987,2025-07-01,CUST-0595,West,Store,Outdoors,78.33,1,0.15,66.58,0,1
ORD-02988,2025-07-11,CUST-0027,South,Web,Home,34.36,3,0.00,103.08,0,6
ORD-02989,2025-06-11,CUST-0776,Northeast,Mobile,Electronics,212.76,2,0.10,382.97,0,3
ORD-02990,2025-11-08,CUST-0722,Midwest,Web,Home,51.28,4,0.30,143.59,0,4
ORD-02991,2025-11-16,CUST-0893,Midwest,Web,Apparel,37.44,1,0.00,37.44,0,6
ORD-02992,2025-04-05,CUST-0121,South,Mobile,Electronics,183.39,1,0.15,155.88,0,5
ORD-02993,2025-12-04,CUST-0008,South,Web,Apparel,64.44,2,0.10,115.99,0,6
ORD-02994,2025-08-18,CUST-0795,West,Store,Outdoors,81.55,3,0.10,220.19,0,3
ORD-02995,2025-12-04,CUST-0257,South,Web,Beauty,36.57,1,0.00,36.57,1,5
ORD-02996,2025-06-05,CUST-0617,Midwest,Store,Beauty,24.10,3,0.00,72.31,0,3
ORD-02997,2025-09-24,CUST-0079,West,Web,Electronics,120.10,1,0.00,120.10,0,6
ORD-02998,2025-12-31,CUST-0859,Midwest,Web,Home,86.40,4,0.10,311.02,0,4
ORD-02999,2025-04-10,CUST-0601,West,Web,Beauty,29.45,3,0.30,61.85,0,6
ORD-03000,2025-12-30,CUST-0375,South,Web,Electronics,122.43,2,0.00,244.87,0,5
